period_id,source_hash,check,difference,tolerance,status,inputs,note
2021Q1,9a46d6c158f953975c4feb4c25207f3639788d14fde46e93b63ae4c10a20e1cd,Ingresos − gastos = resultado operativo,0.0,1500000.0,passed,"['rec_597331ebe3f4eecad9a71bd0516f4553f550af1361e4973eca209ee2199d6517', 'rec_17ad315b72fb5d9c8ec287917a5cf9558d747208c939dd9293bb6dfe642cc020', 'rec_a75a2883ec682db5d3bb663d8853cfeb3d74960d46e10e23ec3bf4a7fb89d152']",En moneda original; cada cifra admite media unidad de su precisión publicada.
2021Q1,9a46d6c158f953975c4feb4c25207f3639788d14fde46e93b63ae4c10a20e1cd,Resultado antes de impuestos − impuesto = resultado neto,1000000.0,1500000.0,passed,"['rec_7cbb5ba4f0fe21f776404282d65e796716229cc0f311276b80c15fd10b4b9c67', 'rec_03e8673c5f5bb9af2147f8eb403f0bcf47cacc14c16aedc2b33d1094d979924b', 'rec_53731b2b27200d37c476b8d8f71956a50fbf22cccfb703c31b807e23e1e92c7d']",En moneda original; los beneficios fiscales conservan su signo negativo.
2021Q1,9a46d6c158f953975c4feb4c25207f3639788d14fde46e93b63ae4c10a20e1cd,operating_margin = resultado / ingresos,-8.029197080294814e-05,0.0008578657208264406,passed,"['rec_e0b800ceba3c4609fe7cfdc50095be3fec7e024cfd456c3b5a21afc26cee1cc5', 'rec_a75a2883ec682db5d3bb663d8853cfeb3d74960d46e10e23ec3bf4a7fb89d152', 'rec_597331ebe3f4eecad9a71bd0516f4553f550af1361e4973eca209ee2199d6517']","Fracciones; tolerancia por redondeo de numerador, denominador y margen."
2021Q1,9a46d6c158f953975c4feb4c25207f3639788d14fde46e93b63ae4c10a20e1cd,ebitdar_reported_margin = resultado / ingresos,0.00010218978102190246,0.0006059246505032397,passed,"['rec_4c3b208a9314f9d548b959eb062c2732f4e1bd377ee915d585bf41a3257be64b', 'rec_1fc71864dbf9e9c51a6a0a837d85806daf960330327004de4363d3f360b28252', 'rec_597331ebe3f4eecad9a71bd0516f4553f550af1361e4973eca209ee2199d6517']","Fracciones; tolerancia por redondeo de numerador, denominador y margen."
2021Q2,98a5e97a242ca40b2cd986d7f7119b368e7e2a779781012cbc9f82983915ed53,Ingresos − gastos = resultado operativo,0.0,1500000.0,passed,"['rec_a947383a7fac744530e334bde6ca85a7f901d29dc42e8238336ca6129930b5f4', 'rec_00c3155a6d2b1e0cf58eb4c57e15e92dfeb4aa3fbf23fe13343bb7118a724439', 'rec_64679f2cae53bb1f7cf15ead6db7e0aae090c92f18168d995bd255b6f37d36e7']",En moneda original; cada cifra admite media unidad de su precisión publicada.
2021Q2,98a5e97a242ca40b2cd986d7f7119b368e7e2a779781012cbc9f82983915ed53,Resultado antes de impuestos − impuesto = resultado neto,0.0,1500000.0,passed,"['rec_7e8059eb8c2f088fd327a6c9f524760b4aadb436e9ac23895b32edd7c16264e0', 'rec_0d10844d68d3b6a258d62831d21f97c024c87fc7b0bad52554b650558f1003e7', 'rec_18b00ca04e9c6196333170817dd8db5dbc94db79a591d1088537c375d641f3cc']",En moneda original; los beneficios fiscales conservan su signo negativo.
2021Q2,98a5e97a242ca40b2cd986d7f7119b368e7e2a779781012cbc9f82983915ed53,operating_margin = resultado / ingresos,0.00014251473084989086,0.0006160945628233071,passed,"['rec_36092419921acb97b99f6e07441542ecb55a515c3cba002c8aca0821098dc29f', 'rec_64679f2cae53bb1f7cf15ead6db7e0aae090c92f18168d995bd255b6f37d36e7', 'rec_a947383a7fac744530e334bde6ca85a7f901d29dc42e8238336ca6129930b5f4']","Fracciones; tolerancia por redondeo de numerador, denominador y margen."
2021Q2,98a5e97a242ca40b2cd986d7f7119b368e7e2a779781012cbc9f82983915ed53,ebitdar_reported_margin = resultado / ingresos,0.00034525117347447565,0.0006529566805750507,passed,"['rec_346003d9ed037bfa801038ae7840b3944e705a6ef598fac2d707c521cb6c8c26', 'rec_3b679196ab0c1e12b609d52ff10f30894d94a85fa45df70ed2ee511d6831aef9', 'rec_a947383a7fac744530e334bde6ca85a7f901d29dc42e8238336ca6129930b5f4']","Fracciones; tolerancia por redondeo de numerador, denominador y margen."
2021Q3,ff9da52112360321c4ed0ea987a20ca06d5a46f4070c8b6cb9c35e5a5c1dd1ae,Ingresos − gastos = resultado operativo,0.0,1500000.0,passed,"['rec_42d325c800bc10eca1814424f29287f8eff9a09e3a811ef08847aa4b0ca0a0ad', 'rec_1d7cc5ad23c8050cd6f646d57f9f2329dcb19928559623f20ea6f75b010d4ca5', 'rec_df7278a4be6a0cb98a22b400f4830691f46faa5c063d0b31c81a734fb3d03ba5']",En moneda original; cada cifra admite media unidad de su precisión publicada.
2021Q3,ff9da52112360321c4ed0ea987a20ca06d5a46f4070c8b6cb9c35e5a5c1dd1ae,Resultado antes de impuestos − impuesto = resultado neto,0.0,1500000.0,passed,"['rec_8dcaf04a6558759d067283213b13cc4da0f1ff59217a7017b654609ae99761e2', 'rec_c31f449fd3dc88a51d28e29494f02899fc389d3db1db34a528e4cd74e2e96d05', 'rec_1b04d659c09e25d673b947270c5e4c8f1df0a285126b043acd9f1025a2938199']",En moneda original; los beneficios fiscales conservan su signo negativo.
2021Q3,ff9da52112360321c4ed0ea987a20ca06d5a46f4070c8b6cb9c35e5a5c1dd1ae,operating_margin = resultado / ingresos,6.422850234245533e-05,0.000551221828949596,passed,"['rec_8afa1bc7285be96f466de1b3f4aed5d3a03a3eb43181dcc775016c3824f49996', 'rec_df7278a4be6a0cb98a22b400f4830691f46faa5c063d0b31c81a734fb3d03ba5', 'rec_42d325c800bc10eca1814424f29287f8eff9a09e3a811ef08847aa4b0ca0a0ad']","Fracciones; tolerancia por redondeo de numerador, denominador y margen."
2021Q3,ff9da52112360321c4ed0ea987a20ca06d5a46f4070c8b6cb9c35e5a5c1dd1ae,ebitdar_reported_margin = resultado / ingresos,0.00034638053498564636,0.0006862490376287954,passed,"['rec_bcb36cdd873daf6b864410d687380f8dc21d2912966caa48660ea46888f31d56', 'rec_845ecf3d36d142aec4fb9ed0956a0bfce693d3dddfad9878a9e7bc96eef144c5', 'rec_42d325c800bc10eca1814424f29287f8eff9a09e3a811ef08847aa4b0ca0a0ad']","Fracciones; tolerancia por redondeo de numerador, denominador y margen."
2021Q4,fa897e5530c5bfd7863d54b2ddc30058dbc54ad7d6f56d775270ea469e4b2d7d,Ingresos − gastos = resultado operativo,-1000000.0,1500000.0,passed,"['rec_4c9d2c8a0279a41f78de9749756707396484deb8457e8811d4d9796565a04278', 'rec_07239ff66f8d40047969f698541a47e555b909b139a315dfab9c298f4d973400', 'rec_da5bd1cd921a7cc3badee80376227d46913344e39fb19806a5071ae79711b228']",En moneda original; cada cifra admite media unidad de su precisión publicada.
2021Q4,fa897e5530c5bfd7863d54b2ddc30058dbc54ad7d6f56d775270ea469e4b2d7d,Resultado antes de impuestos − impuesto = resultado neto,-1000000.0,1500000.0,passed,"['rec_ea8749937a1f665bfa5fb23d27baf9150c15a29c7c37cdda518ec7a74e0be54f', 'rec_031060c79668f8fc6aa69fdb78fa94660782ec777cf5ae5158c1d3a8803d7127', 'rec_e7661fbb9b67e8a59f691b36c40a2cae7ba04119cb61402dcfeca451048f842d']",En moneda original; los beneficios fiscales conservan su signo negativo.
2021Q4,fa897e5530c5bfd7863d54b2ddc30058dbc54ad7d6f56d775270ea469e4b2d7d,operating_margin = resultado / ingresos,0.0047201249674563295,0.005328644717267217,passed,"['rec_d4e63bf122f19670c5327bf6f7ce1f87b37cdd474fb55897ff2f4723c6a85ee1', 'rec_da5bd1cd921a7cc3badee80376227d46913344e39fb19806a5071ae79711b228', 'rec_4c9d2c8a0279a41f78de9749756707396484deb8457e8811d4d9796565a04278']","Fracciones; tolerancia por redondeo de numerador, denominador y margen."
2021Q4,fa897e5530c5bfd7863d54b2ddc30058dbc54ad7d6f56d775270ea469e4b2d7d,ebitdar_reported_margin = resultado / ingresos,0.0027414735745899255,0.005250346271322827,passed,"['rec_306d53ff14a9ff8b992a8bd4949f104592e6c2c6c0dc479a69f03b517e48d8bf', 'rec_5ed04ec157e298d9b5527d03d8c0e0eda7ce9644e584cfdd95c20ca89e9e7e08', 'rec_4c9d2c8a0279a41f78de9749756707396484deb8457e8811d4d9796565a04278']","Fracciones; tolerancia por redondeo de numerador, denominador y margen."
2022Q1,9881205641368873edd131b04abfb0ffc20e86dda6edc56f5de75067776371b8,Ingresos − gastos = resultado operativo,0.0,1500000.0,passed,"['rec_eb59a3219859e710a0d87cf9ff668bacdfad0a1759e7b4fa210095969460e46f', 'rec_df683bd3be0ada88dc2c63613dd1dcbf82146b62c2bc9c37ff6281605a4540d5', 'rec_3c53ea3539eb189dab18010b8e14b0f0e8a3a60468153179619c3d6c0da9da86']",En moneda original; cada cifra admite media unidad de su precisión publicada.
2022Q1,9881205641368873edd131b04abfb0ffc20e86dda6edc56f5de75067776371b8,Resultado antes de impuestos − impuesto = resultado neto,1000000.0,1500000.0,passed,"['rec_ff31ab1955ea77adc12c478bfdf60d62461097261c6dcbebb5a65e3b8ec4a7eb', 'rec_19159da814010392ec45a442b5abff9e25c0f2cad9838753b31225a62d544f1d', 'rec_0b91ab507e76713a5ebe196534f0943839ebdc82356fd34d217bc848e961c971']",En moneda original; los beneficios fiscales conservan su signo negativo.
2022Q1,9881205641368873edd131b04abfb0ffc20e86dda6edc56f5de75067776371b8,operating_margin = resultado / ingresos,-0.0008618818787784893,0.005069863913815832,passed,"['rec_bfe96feee1ad4f79561517cc47ec52c795b5407e66db1d13e54606dffa633cdd', 'rec_3c53ea3539eb189dab18010b8e14b0f0e8a3a60468153179619c3d6c0da9da86', 'rec_eb59a3219859e710a0d87cf9ff668bacdfad0a1759e7b4fa210095969460e46f']","Fracciones; tolerancia por redondeo de numerador, denominador y margen."
2022Q1,9881205641368873edd131b04abfb0ffc20e86dda6edc56f5de75067776371b8,ebitdar_reported_margin = resultado / ingresos,-0.0019020306929157793,0.005160716233930706,passed,"['rec_6884fc931e5cd8720af04574c997f9e40fdabe1d78c7ae289f91a0414d9c41af', 'rec_dd30ca55f4654e87c98999de868a713a72736672e1787ce14ddbd5612caa3ab5', 'rec_eb59a3219859e710a0d87cf9ff668bacdfad0a1759e7b4fa210095969460e46f']","Fracciones; tolerancia por redondeo de numerador, denominador y margen."
2022Q2,267bbbe2b35f2ff00f1a090181bc18831dba5a13a593cb672f6750a632357f81,Ingresos − gastos = resultado operativo,1000000.0,1500000.0,passed,"['rec_83cd1be6e39969222a9f8daad17b27ee8c62880a9e471d3fe2e1bc001565a8e4', 'rec_3ecd0e06127ffe273ea1a98cdc2323f9df9d3aba5f1f8697842a3d18d193efe1', 'rec_2e0c805299d7f1514d8bb560ebf6cb1c14f551126326ee115c0aa70cea557b26']",En moneda original; cada cifra admite media unidad de su precisión publicada.
2022Q2,267bbbe2b35f2ff00f1a090181bc18831dba5a13a593cb672f6750a632357f81,Resultado antes de impuestos − impuesto = resultado neto,0.0,1500000.0,passed,"['rec_d63403a990945578925d89e8b002ad999cc07bba0d8795748bfe34adb6b1d4b5', 'rec_894336eee5766433ae22082ca28cb9d87186798127f4a1086073115de5b77f5c', 'rec_2ab728d07ccc4098edbbe57a8322132e01f40016e3c2f4e77d58ec5253ecd6ad']",En moneda original; los beneficios fiscales conservan su signo negativo.
2022Q2,267bbbe2b35f2ff00f1a090181bc18831dba5a13a593cb672f6750a632357f81,operating_margin = resultado / ingresos,-0.0026466753585397684,0.005043233640187423,passed,"['rec_e015330f8f990853cfa9f2c59ca6d28013248aba5392459822ece1c468676e87', 'rec_2e0c805299d7f1514d8bb560ebf6cb1c14f551126326ee115c0aa70cea557b26', 'rec_83cd1be6e39969222a9f8daad17b27ee8c62880a9e471d3fe2e1bc001565a8e4']","Fracciones; tolerancia por redondeo de numerador, denominador y margen."
2022Q2,267bbbe2b35f2ff00f1a090181bc18831dba5a13a593cb672f6750a632357f81,ebitdar_reported_margin = resultado / ingresos,-0.0019165580182529396,0.00510589170973696,passed,"['rec_dbbf7973ef1e78ed85baa9c4a35e350437aba7c70355521aadf1b282d87fd4bd', 'rec_84869da29f6371dd01dc8fff8293b4e64e5ada763b82f5d999bd126dd15a2faf', 'rec_83cd1be6e39969222a9f8daad17b27ee8c62880a9e471d3fe2e1bc001565a8e4']","Fracciones; tolerancia por redondeo de numerador, denominador y margen."
2022Q3,92c61593b7a6643b22ac250ee2c0420414b8621b6f0b4011e1e850ab168a9981,Ingresos − gastos = resultado operativo,0.0,1500000.0,passed,"['rec_6e051bf10d33d517fe7bf094fe4f77694e72a6db9361e6019fedb282a1d8afc5', 'rec_f1a521c165da33f4e2782246136e7151e341311f09d8a69d8d4b77741ace902c', 'rec_54f064c1c25e9620643ede5fa117422ea743851d9c6a515dad6c2a4e1e4488ef']",En moneda original; cada cifra admite media unidad de su precisión publicada.
2022Q3,92c61593b7a6643b22ac250ee2c0420414b8621b6f0b4011e1e850ab168a9981,Resultado antes de impuestos − impuesto = resultado neto,0.0,1500000.0,passed,"['rec_7aa96f37a3182ccb5f08f9db91af08fc1385788517f9e187d9520faceaa10898', 'rec_ab08796c66366495824111792fbd941cdd08ef1f98bd523c116462bf518baa42', 'rec_ee32ba9a5f0d5ddac37b7521d582f930c3cab30570511511498c094fb152aafd']",En moneda original; los beneficios fiscales conservan su signo negativo.
2022Q3,92c61593b7a6643b22ac250ee2c0420414b8621b6f0b4011e1e850ab168a9981,operating_margin = resultado / ingresos,-0.004481566281949442,0.005072236369793163,passed,"['rec_f2274719c11c02ea44728c8a32e7241b38963ebe2d09fa1ac9bc7415fe3dc935', 'rec_54f064c1c25e9620643ede5fa117422ea743851d9c6a515dad6c2a4e1e4488ef', 'rec_6e051bf10d33d517fe7bf094fe4f77694e72a6db9361e6019fedb282a1d8afc5']","Fracciones; tolerancia por redondeo de numerador, denominador y margen."
2022Q3,92c61593b7a6643b22ac250ee2c0420414b8621b6f0b4011e1e850ab168a9981,ebitdar_reported_margin = resultado / ingresos,0.0020199990654642397,0.005141282882943307,passed,"['rec_96753712d59c3056f988f3ac2341c56cb495b0a114821d8f8369d56728e3a72b', 'rec_4fcad81adec4ed57836827a8d534aba4edb591d0b7c1af74fc5c7ce0fe89df0e', 'rec_6e051bf10d33d517fe7bf094fe4f77694e72a6db9361e6019fedb282a1d8afc5']","Fracciones; tolerancia por redondeo de numerador, denominador y margen."
2022Q4,26fa77b26dedbd1901875cac5329ec7a3d36b00c5b713f178a6f9c899414e42e,Ingresos − gastos = resultado operativo,0.0,1500000.0,passed,"['rec_ff627c99460653981e644ce17cae9ca8cd09e9ffe640794ebce4d7ff5707267b', 'rec_dec03e61c6710a37abb13c657d2522d62e2b985e8fae19dd9c6445b38ce26749', 'rec_a9941969a1161353cb3dc5a4b049a688a27bd818b641c2379bb27188a4b4a12e']",En moneda original; cada cifra admite media unidad de su precisión publicada.
2022Q4,26fa77b26dedbd1901875cac5329ec7a3d36b00c5b713f178a6f9c899414e42e,Resultado antes de impuestos − impuesto = resultado neto,0.0,1500000.0,passed,"['rec_0f9f157c8af1f6f8734005227ee177d527445190588608e02a892412c5379b5b', 'rec_a4dc11b60b31c10ba43e657d345f220b7e651e9b89c11e56c5af3e86f5b5a708', 'rec_21ad4a5b8e07ca5dd2fc87f2e957298bf736aa9553a20f814d80832c9e84ff39']",En moneda original; los beneficios fiscales conservan su signo negativo.
2022Q4,26fa77b26dedbd1901875cac5329ec7a3d36b00c5b713f178a6f9c899414e42e,ebitdar_margin = resultado / ingresos,6.933194426356204e-05,0.0005475594468972771,passed,"['rec_defcb6abea422ed7b72187e6ee46d663c013e4969296cb5a667dada3243802c0', 'rec_f81544c5e873add597a3f6463161e636356c54cbbf455e7fb2995a51205b00f6', 'rec_ff627c99460653981e644ce17cae9ca8cd09e9ffe640794ebce4d7ff5707267b']","Fracciones; tolerancia por redondeo de numerador, denominador y margen."
2022Q4,26fa77b26dedbd1901875cac5329ec7a3d36b00c5b713f178a6f9c899414e42e,operating_margin_ex_plm = resultado / ingresos,-2.9528584451113393e-05,0.0005442587811287041,passed,"['rec_68b2196b39f76c41cd8d35bb3d391e81cf4c973328b056c6735c9f0209f6583b', 'rec_d892abb3344c74531684ade36860b778a685bb4ddb820c784528d3a6417891a7', 'rec_ff627c99460653981e644ce17cae9ca8cd09e9ffe640794ebce4d7ff5707267b']","Fracciones; tolerancia por redondeo de numerador, denominador y margen."
2022Q4,26fa77b26dedbd1901875cac5329ec7a3d36b00c5b713f178a6f9c899414e42e,aircraft_leasing_expense: conversión de conveniencia vs columna USD,-297523.435684219,525893.4032629759,passed,"['rec_1321f179bf8b1920d346c5fb61588d4f320d6a1eb8ed1d957744d47b011790af', 'rec_d31ea92f1c261a2dc1e974f73bbbce06309e14a4f1bfa06142e91b90ac290d17']",La columna USD del apéndice está redondeada a millones enteros.
2022Q4,26fa77b26dedbd1901875cac5329ec7a3d36b00c5b713f178a6f9c899414e42e,depreciation_amortization: conversión de conveniencia vs columna USD,-41448.234899163246,526172.9692954806,passed,"['rec_8fa9403c38240856aff8ecea0b6f1401c032ec765a11574450b79a08e888fd34', 'rec_d31ea92f1c261a2dc1e974f73bbbce06309e14a4f1bfa06142e91b90ac290d17']",La columna USD del apéndice está redondeada a millones enteros.
2022Q4,26fa77b26dedbd1901875cac5329ec7a3d36b00c5b713f178a6f9c899414e42e,income_before_tax: conversión de conveniencia vs columna USD,-259174.13423544168,526681.1499175432,passed,"['rec_0f9f157c8af1f6f8734005227ee177d527445190588608e02a892412c5379b5b', 'rec_d31ea92f1c261a2dc1e974f73bbbce06309e14a4f1bfa06142e91b90ac290d17']",La columna USD del apéndice está redondeada a millones enteros.
2022Q4,26fa77b26dedbd1901875cac5329ec7a3d36b00c5b713f178a6f9c899414e42e,income_tax: conversión de conveniencia vs columna USD,183095.31802806258,526263.9349606372,passed,"['rec_a4dc11b60b31c10ba43e657d345f220b7e651e9b89c11e56c5af3e86f5b5a708', 'rec_d31ea92f1c261a2dc1e974f73bbbce06309e14a4f1bfa06142e91b90ac290d17']",La columna USD del apéndice está redondeada a millones enteros.
2022Q4,26fa77b26dedbd1901875cac5329ec7a3d36b00c5b713f178a6f9c899414e42e,jet_fuel_expense: conversión de conveniencia vs columna USD,477493.9958164692,526781.1854730673,passed,"['rec_7b443b2f4666dc7aafbc44a8bc17d1928eb65b0b8ad6eb030c4338553ae62dc6', 'rec_d31ea92f1c261a2dc1e974f73bbbce06309e14a4f1bfa06142e91b90ac290d17']",La columna USD del apéndice está redondeada a millones enteros.
2022Q4,26fa77b26dedbd1901875cac5329ec7a3d36b00c5b713f178a6f9c899414e42e,maintenance_expense: conversión de conveniencia vs columna USD,305296.59375564754,526047.3246377424,passed,"['rec_c5144b17bea7f7c64b27bcf86a4e6431bd36aff896193306ba1e463d1b3d3382', 'rec_d31ea92f1c261a2dc1e974f73bbbce06309e14a4f1bfa06142e91b90ac290d17']",La columna USD del apéndice está redondeada a millones enteros.
2022Q4,26fa77b26dedbd1901875cac5329ec7a3d36b00c5b713f178a6f9c899414e42e,net_income: conversión de conveniencia vs columna USD,-442269.45226350427,526241.6603769405,passed,"['rec_21ad4a5b8e07ca5dd2fc87f2e957298bf736aa9553a20f814d80832c9e84ff39', 'rec_d31ea92f1c261a2dc1e974f73bbbce06309e14a4f1bfa06142e91b90ac290d17']",La columna USD del apéndice está redondeada a millones enteros.
2022Q4,26fa77b26dedbd1901875cac5329ec7a3d36b00c5b713f178a6f9c899414e42e,operating_expenses_total: conversión de conveniencia vs columna USD,287193.6575162411,527821.4218697776,passed,"['rec_dec03e61c6710a37abb13c657d2522d62e2b985e8fae19dd9c6445b38ce26749', 'rec_d31ea92f1c261a2dc1e974f73bbbce06309e14a4f1bfa06142e91b90ac290d17']",La columna USD del apéndice está redondeada a millones enteros.
2022Q4,26fa77b26dedbd1901875cac5329ec7a3d36b00c5b713f178a6f9c899414e42e,operating_income: conversión de conveniencia vs columna USD,-451695.3748418093,526900.1610937708,passed,"['rec_a9941969a1161353cb3dc5a4b049a688a27bd818b641c2379bb27188a4b4a12e', 'rec_d31ea92f1c261a2dc1e974f73bbbce06309e14a4f1bfa06142e91b90ac290d17']",La columna USD del apéndice está redondeada a millones enteros.
2022Q4,26fa77b26dedbd1901875cac5329ec7a3d36b00c5b713f178a6f9c899414e42e,total_revenue: conversión de conveniencia vs columna USD,-164501.7173256874,528897.1375435137,passed,"['rec_ff627c99460653981e644ce17cae9ca8cd09e9ffe640794ebce4d7ff5707267b', 'rec_d31ea92f1c261a2dc1e974f73bbbce06309e14a4f1bfa06142e91b90ac290d17']",La columna USD del apéndice está redondeada a millones enteros.
2022Q4,26fa77b26dedbd1901875cac5329ec7a3d36b00c5b713f178a6f9c899414e42e,wages_salaries_benefits: conversión de conveniencia vs columna USD,97745.52591484785,526354.1003413497,passed,"['rec_4f03c028a9dd9582aff3f04d1e94fddcaeeeb09d52b8538c63a298f13b356801', 'rec_d31ea92f1c261a2dc1e974f73bbbce06309e14a4f1bfa06142e91b90ac290d17']",La columna USD del apéndice está redondeada a millones enteros.
2023Q1,8db7aa7449c266c4b8f9af3f4e0124b5479866cf0ca6f63074110ec8ba34188f,Ingresos − gastos = resultado operativo,0.0,1500000.0,passed,"['rec_39d4f271d1c782e39e1727eeaa5789025e46efdbeaf8b2407e09e8d3d7fdedfd', 'rec_e48112baa442c58b4254656c5cfcf7598b20138bb020e203a8f70b2fede734c3', 'rec_78d25990f3985e5e9f0460954a651910a75ff8365b5584acae1625c73a916274']",En moneda original; cada cifra admite media unidad de su precisión publicada.
2023Q1,8db7aa7449c266c4b8f9af3f4e0124b5479866cf0ca6f63074110ec8ba34188f,Resultado antes de impuestos − impuesto = resultado neto,0.0,1500000.0,passed,"['rec_518346dcfa747b519ea791b332d1fccac9766c3be3a06ece3cc2ff17d0203565', 'rec_60a088d3700979c4ce09eda40f054a9afb6dc48d19febd970bee79f088043f1a', 'rec_19e794c819619b4caf1c5da7a68ea9d7bf3d463a0969a78965cc96ea8f805499']",En moneda original; los beneficios fiscales conservan su signo negativo.
2023Q1,8db7aa7449c266c4b8f9af3f4e0124b5479866cf0ca6f63074110ec8ba34188f,operating_margin = resultado / ingresos,-0.00037217012899548596,0.0005281778849252451,passed,"['rec_7f2e7938f0286f6a92207be7cd2e26806334e82af229cbec6ea87344d1a58f8e', 'rec_78d25990f3985e5e9f0460954a651910a75ff8365b5584acae1625c73a916274', 'rec_39d4f271d1c782e39e1727eeaa5789025e46efdbeaf8b2407e09e8d3d7fdedfd']","Fracciones; tolerancia por redondeo de numerador, denominador y margen."
2023Q1,8db7aa7449c266c4b8f9af3f4e0124b5479866cf0ca6f63074110ec8ba34188f,ebitdar_reported_margin = resultado / ingresos,0.00034129409936276,0.0005526793001356336,passed,"['rec_d58432f40e97c6c94c3a59867744eba0d6f42c74a4b43477e16bf5bccb457997', 'rec_a3b3e089a60760b119d0b384fa2839dad200e7b8b3746dee323bd2a49bb8cfd5', 'rec_39d4f271d1c782e39e1727eeaa5789025e46efdbeaf8b2407e09e8d3d7fdedfd']","Fracciones; tolerancia por redondeo de numerador, denominador y margen."
2023Q1,8db7aa7449c266c4b8f9af3f4e0124b5479866cf0ca6f63074110ec8ba34188f,aircraft_leasing_expense: conversión de conveniencia vs columna USD,20369.838499437086,527633.0015312303,passed,"['rec_5d4eb19a320d3b129fac203a2140762d54c86679f8ad620b65861b966eabd291', 'rec_8408ae50a6a730f54954d20a1b79c6246c88cba657833de454eeeb2387413bf5']",La columna USD del apéndice está redondeada a millones enteros.
2023Q1,8db7aa7449c266c4b8f9af3f4e0124b5479866cf0ca6f63074110ec8ba34188f,depreciation_amortization: conversión de conveniencia vs columna USD,-214656.5627554506,527980.3197627797,passed,"['rec_c712efc63f4bdd8383881fcd9c71646c04e693ccb8176b1afdfbd24407202ff8', 'rec_8408ae50a6a730f54954d20a1b79c6246c88cba657833de454eeeb2387413bf5']",La columna USD del apéndice está redondeada a millones enteros.
2023Q1,8db7aa7449c266c4b8f9af3f4e0124b5479866cf0ca6f63074110ec8ba34188f,income_before_tax: conversión de conveniencia vs columna USD,-26246.60318582505,527682.7273737798,passed,"['rec_518346dcfa747b519ea791b332d1fccac9766c3be3a06ece3cc2ff17d0203565', 'rec_8408ae50a6a730f54954d20a1b79c6246c88cba657833de454eeeb2387413bf5']",La columna USD del apéndice está redondeada a millones enteros.
2023Q1,8db7aa7449c266c4b8f9af3f4e0124b5479866cf0ca6f63074110ec8ba34188f,income_tax: conversión de conveniencia vs columna USD,-215120.51786227152,527619.7311376665,passed,"['rec_60a088d3700979c4ce09eda40f054a9afb6dc48d19febd970bee79f088043f1a', 'rec_8408ae50a6a730f54954d20a1b79c6246c88cba657833de454eeeb2387413bf5']",La columna USD del apéndice está redondeada a millones enteros.
2023Q1,8db7aa7449c266c4b8f9af3f4e0124b5479866cf0ca6f63074110ec8ba34188f,jet_fuel_expense: conversión de conveniencia vs columna USD,-234231.04964321852,528593.3509321242,passed,"['rec_13b3ffe1dcaea2f47b433cfafd8d78c257fad2b3a13b452f23716e58c0599cb2', 'rec_8408ae50a6a730f54954d20a1b79c6246c88cba657833de454eeeb2387413bf5']",La columna USD del apéndice está redondeada a millones enteros.
2023Q1,8db7aa7449c266c4b8f9af3f4e0124b5479866cf0ca6f63074110ec8ba34188f,maintenance_expense: conversión de conveniencia vs columna USD,-20171.000596515834,527757.1636043446,passed,"['rec_add6c76a7afa139b437dc8290ff665b47a35c80754b226538b7ac6b872c4859a', 'rec_8408ae50a6a730f54954d20a1b79c6246c88cba657833de454eeeb2387413bf5']",La columna USD del apéndice está redondeada a millones enteros.
2023Q1,8db7aa7449c266c4b8f9af3f4e0124b5479866cf0ca6f63074110ec8ba34188f,net_income: conversión de conveniencia vs columna USD,188873.91467644647,527679.371642074,passed,"['rec_19e794c819619b4caf1c5da7a68ea9d7bf3d463a0969a78965cc96ea8f805499', 'rec_8408ae50a6a730f54954d20a1b79c6246c88cba657833de454eeeb2387413bf5']",La columna USD del apéndice está redondeada a millones enteros.
2023Q1,8db7aa7449c266c4b8f9af3f4e0124b5479866cf0ca6f63074110ec8ba34188f,operating_expenses_total: conversión de conveniencia vs columna USD,-2363.9617347717285,530347.6359479564,passed,"['rec_e48112baa442c58b4254656c5cfcf7598b20138bb020e203a8f70b2fede734c3', 'rec_8408ae50a6a730f54954d20a1b79c6246c88cba657833de454eeeb2387413bf5']",La columna USD del apéndice está redondeada a millones enteros.
2023Q1,8db7aa7449c266c4b8f9af3f4e0124b5479866cf0ca6f63074110ec8ba34188f,operating_income: conversión de conveniencia vs columna USD,160152.88425424695,527829.4643692785,passed,"['rec_78d25990f3985e5e9f0460954a651910a75ff8365b5584acae1625c73a916274', 'rec_8408ae50a6a730f54954d20a1b79c6246c88cba657833de454eeeb2387413bf5']",La columna USD del apéndice está redondeada a millones enteros.
2023Q1,8db7aa7449c266c4b8f9af3f4e0124b5479866cf0ca6f63074110ec8ba34188f,total_revenue: conversión de conveniencia vs columna USD,157788.92251944542,530560.7249112742,passed,"['rec_39d4f271d1c782e39e1727eeaa5789025e46efdbeaf8b2407e09e8d3d7fdedfd', 'rec_8408ae50a6a730f54954d20a1b79c6246c88cba657833de454eeeb2387413bf5']",La columna USD del apéndice está redondeada a millones enteros.
2023Q1,8db7aa7449c266c4b8f9af3f4e0124b5479866cf0ca6f63074110ec8ba34188f,wages_salaries_benefits: conversión de conveniencia vs columna USD,-16768.66314649582,528149.3266141441,passed,"['rec_4c0499bc105576595b90668824ed605034ea8886e7f11fc76e314e55e0ad49e0', 'rec_8408ae50a6a730f54954d20a1b79c6246c88cba657833de454eeeb2387413bf5']",La columna USD del apéndice está redondeada a millones enteros.
2023Q2,e0ead03a17ccea869f9bdde655d217476fda2622e0c3b8f01e484522d83e0486,Ingresos − gastos = resultado operativo,0.0,1500000.0,passed,"['rec_58884ca20c0ad837c07ecc4c7d2411db76e065ba83c1f891ebd329fbe9f3536c', 'rec_e9d093a9430ec6536e48cab49f591d38d2d38b393deec8f40192a18444889956', 'rec_81c269acd0373cea5f292f618283a62690fc6cb3333414ed68ec7295198ecc60']",En moneda original; cada cifra admite media unidad de su precisión publicada.
2023Q2,e0ead03a17ccea869f9bdde655d217476fda2622e0c3b8f01e484522d83e0486,Resultado antes de impuestos − impuesto = resultado neto,1000000.0,1500000.0,passed,"['rec_87c9c3620d0be822f777ef86f39c12368043112c154bc5ed124b0f113fb90917', 'rec_06b750aa2376934482743e0cc45574911459aea1bf36dd0d534d8abd67e3b7c0', 'rec_4443e45219950da200cd0caf6f6eaece9c8a27a9660ba2b722ca510a517cdfb1']",En moneda original; los beneficios fiscales conservan su signo negativo.
2023Q2,e0ead03a17ccea869f9bdde655d217476fda2622e0c3b8f01e484522d83e0486,operating_margin = resultado / ingresos,-0.00021739130434780818,0.0010068366208370368,passed,"['rec_81df443ca78eb328a36eb86a014388008363f90d30500c2fb5bcf494c21c5e22', 'rec_81c269acd0373cea5f292f618283a62690fc6cb3333414ed68ec7295198ecc60', 'rec_58884ca20c0ad837c07ecc4c7d2411db76e065ba83c1f891ebd329fbe9f3536c']","Fracciones; tolerancia por redondeo de numerador, denominador y margen."
2023Q2,e0ead03a17ccea869f9bdde655d217476fda2622e0c3b8f01e484522d83e0486,ebitdar_reported_margin = resultado / ingresos,0.0005217391304348507,0.0006720218620572271,passed,"['rec_72e767a679f776fab10b0912fe8cba59a9b9ce29a3afbb3243eda1da64a8e2b5', 'rec_75f3165f41a0dd4834c40cc0f1ad77ae231ae7078c6121a67460873aa56339e3', 'rec_58884ca20c0ad837c07ecc4c7d2411db76e065ba83c1f891ebd329fbe9f3536c']","Fracciones; tolerancia por redondeo de numerador, denominador y margen."
2023Q3,be31f024dfd2606241f74d68db55b40b69c1e73b1c8353ff0cbc31860823e481,Ingresos − gastos = resultado operativo,1000000.0,1500000.0,passed,"['rec_ab43eccfb70a27ca725dc6ee869bd5a0e81c5742e46ea658b6700d58a1c6a6c2', 'rec_05d8eebc6fcdd7896661e0958d9fc3c3743a4c6f85fdd95a6436eb850d3c0dfe', 'rec_4735bc5db963e288544d7dae3ab46c7bca19d106dd6531fddbd0584573e5e638']",En moneda original; cada cifra admite media unidad de su precisión publicada.
2023Q3,be31f024dfd2606241f74d68db55b40b69c1e73b1c8353ff0cbc31860823e481,Resultado antes de impuestos − impuesto = resultado neto,0.0,1500000.0,passed,"['rec_57dc1b1b22dba2c395a643ac2083093d821fb8276cf809c9b57e19fe579144ff', 'rec_77ade6233101a8e179f169ccbf27a6ae95a47dd92b10426c53f97c59ea144aed', 'rec_9b997ca8d5c1d225cf01be5f714f2e659eb52e3ad6a34646f5ed09a8cb49f0cd']",En moneda original; los beneficios fiscales conservan su signo negativo.
2023Q3,be31f024dfd2606241f74d68db55b40b69c1e73b1c8353ff0cbc31860823e481,operating_margin = resultado / ingresos,0.00011371973587673279,0.0009348206533079351,passed,"['rec_f46052a7704346250ceca4421c39308f4cd19844a3c12f867fe378543b7a6927', 'rec_4735bc5db963e288544d7dae3ab46c7bca19d106dd6531fddbd0584573e5e638', 'rec_ab43eccfb70a27ca725dc6ee869bd5a0e81c5742e46ea658b6700d58a1c6a6c2']","Fracciones; tolerancia por redondeo de numerador, denominador y margen."
2023Q3,be31f024dfd2606241f74d68db55b40b69c1e73b1c8353ff0cbc31860823e481,ebitdar_reported_margin = resultado / ingresos,0.00032868672046959535,0.0009754757112952405,passed,"['rec_70306cef6edc919cafb7c783a2b7cf02fe63e6a58a61a1a740354cf69c778adc', 'rec_2ebc9dbacb26c2ecdb7cbdb9b604c690b6ffe6f6d42f8c383613f670f6df8773', 'rec_ab43eccfb70a27ca725dc6ee869bd5a0e81c5742e46ea658b6700d58a1c6a6c2']","Fracciones; tolerancia por redondeo de numerador, denominador y margen."
2023Q4,cc90aaffe33aaaceef63a38230665a55abcc123f9131f15d601a6c53ac59e960,Ingresos − gastos = resultado operativo,0.0,1500000.0,passed,"['rec_361817e009bf757848083495d13c4126961283749a62ed973e5008e8208528b8', 'rec_607818267f7d81d3f41f8abc036f5e3d5dae0006c4eaefda17a333c1d84fee2b', 'rec_3087635b5ae37623ffb8147575addac91888b16018c9490813009fff587a7855']",En moneda original; cada cifra admite media unidad de su precisión publicada.
2023Q4,cc90aaffe33aaaceef63a38230665a55abcc123f9131f15d601a6c53ac59e960,Resultado antes de impuestos − impuesto = resultado neto,0.0,1500000.0,passed,"['rec_2f166267b9de92f63e76df871235a28ca63df4982bce152f452eddda9780fa17', 'rec_ba4d703e2b7e005b46aaa94ae348c70682f4d3981f919261725d70687a42dcb3', 'rec_73b9dd22183645d8bf8b869e962dffbf69e2ac5ebe9d1f1b83e15d269492e105']",En moneda original; los beneficios fiscales conservan su signo negativo.
2023Q4,cc90aaffe33aaaceef63a38230665a55abcc123f9131f15d601a6c53ac59e960,ebitdar_margin = resultado / ingresos,0.00021641249092224646,0.0009626892798797959,passed,"['rec_65bebe7cdc4f673ed4f93e8858bc550544ed75d2a3555c9e1f54bce596f213d7', 'rec_178c5b8dbba3e32eea26e944d3b9c04f44e3a0aa1630355f98c078c37c3f6f8d', 'rec_361817e009bf757848083495d13c4126961283749a62ed973e5008e8208528b8']","Fracciones; tolerancia por redondeo de numerador, denominador y margen."
2023Q4,cc90aaffe33aaaceef63a38230665a55abcc123f9131f15d601a6c53ac59e960,operating_margin_ex_plm = resultado / ingresos,-0.0001481481481481195,0.0009170534501082993,passed,"['rec_d36536bddc18f2348fe17a85bdca9278ba5f85a86f13797b87642b0d15c35131', 'rec_af277b1de8fe109f74beae4268785faa897c9aaca26fcf2a14d748d8f57e3f19', 'rec_361817e009bf757848083495d13c4126961283749a62ed973e5008e8208528b8']","Fracciones; tolerancia por redondeo de numerador, denominador y margen."
2024Q1,f77eecd9df06619778442b0866d238026698ca6b295c2bfc981d6c658e0a9cb6,Ingresos − gastos = resultado operativo,0.0,1500000.0,passed,"['rec_aabb294d04b21b64c344f70d2e4bde51ff6324996c3b0bc1c75b94185f2f8ea2', 'rec_52e307e6f0c242d781bbca620069c3872ae1aee5a4af231641b2a47e5a37f06f', 'rec_172ef091532072aa790822c2ea03f3e4a755bc20e270409d89822df5505daaf4']",En moneda original; cada cifra admite media unidad de su precisión publicada.
2024Q1,f77eecd9df06619778442b0866d238026698ca6b295c2bfc981d6c658e0a9cb6,Resultado antes de impuestos − impuesto = resultado neto,0.0,1500000.0,passed,"['rec_3213f9ef45d148ee931f9893aaa5f746173f0ec3cab7ac852429fc2c0b11ad17', 'rec_a8e47f8d1775b20acf7ebcc7c54023c19b79b06f08d63e81038fa39a9fcf3507', 'rec_8082217d1af9c70313b1c175c7dfbfbfc04dc639bcaa73c80e30f07f72d5f750']",En moneda original; los beneficios fiscales conservan su signo negativo.
2024Q1,f77eecd9df06619778442b0866d238026698ca6b295c2bfc981d6c658e0a9cb6,operating_margin = resultado / ingresos,-2.6861089792773463e-05,0.000943388430360765,passed,"['rec_f1ebc76d1ccf120ddee3cfa89590267a578d5fe4b835f29904b2a90c9145e734', 'rec_172ef091532072aa790822c2ea03f3e4a755bc20e270409d89822df5505daaf4', 'rec_aabb294d04b21b64c344f70d2e4bde51ff6324996c3b0bc1c75b94185f2f8ea2']","Fracciones; tolerancia por redondeo de numerador, denominador y margen."
2024Q1,f77eecd9df06619778442b0866d238026698ca6b295c2bfc981d6c658e0a9cb6,ebitdar_margin = resultado / ingresos,-0.00012279355333844055,0.000991409901555984,passed,"['rec_76b292612124d0b54549ec232ff00cc4cfb1176bcebb0ba27dc6069bd099d2c9', 'rec_38f8a783fca33f00b481f3fdff5ce59c9289eb8304935fd0d7e165952bc5b05f', 'rec_aabb294d04b21b64c344f70d2e4bde51ff6324996c3b0bc1c75b94185f2f8ea2']","Fracciones; tolerancia por redondeo de numerador, denominador y margen."
2024Q2,c1f5c45170ad8c831bdfe38884a790c839a44319d9bdb8bee688ca3994bb849e,Ingresos − gastos = resultado operativo,0.0,1500000.0,passed,"['rec_f732f13acd5cb8ff45e0658c9f51ae32aabb98da9da3ff7ac19abda647eb8bd7', 'rec_34b760c37f0519a19fadf21746445d7559ac631823cd8d386e849619f39adc54', 'rec_a861a938ed51a7de1ee280b53e06d739e23f9f18c15224831f3f40fa7537aaa4']",En moneda original; cada cifra admite media unidad de su precisión publicada.
2024Q2,c1f5c45170ad8c831bdfe38884a790c839a44319d9bdb8bee688ca3994bb849e,Resultado antes de impuestos − impuesto = resultado neto,0.0,1500000.0,passed,"['rec_9c2e5a87ad08721328cceda80883d66de1e938d38d2150695571d79aafc407e3', 'rec_5125d0e65893680b7e78a7286c2767197724278aa627b4159214907d533559cc', 'rec_a3cbfc833e2b546950ddc96d1af8f4d92fd80fcd93ee974d30551439a24cdb61']",En moneda original; los beneficios fiscales conservan su signo negativo.
2024Q2,c1f5c45170ad8c831bdfe38884a790c839a44319d9bdb8bee688ca3994bb849e,operating_margin = resultado / ingresos,0.0017241379310344862,0.005430569839047419,passed,"['rec_27ed1b725057371c965a871ec293f63cc6966f5530a5664bc93d51afd168a626', 'rec_a861a938ed51a7de1ee280b53e06d739e23f9f18c15224831f3f40fa7537aaa4', 'rec_f732f13acd5cb8ff45e0658c9f51ae32aabb98da9da3ff7ac19abda647eb8bd7']","Fracciones; tolerancia por redondeo de numerador, denominador y margen."
2024Q2,c1f5c45170ad8c831bdfe38884a790c839a44319d9bdb8bee688ca3994bb849e,ebitdar_margin = resultado / ingresos,0.0032471264367816,0.005469548283709385,passed,"['rec_fc2b9d955850e1557346e72bee39ef2f0801ad70233bf8c398aaaa9d1b630809', 'rec_be828ff64ad353894341bfd164b4aedc9fc3c3dab7b2f0743ab3b0c0cc9734e2', 'rec_f732f13acd5cb8ff45e0658c9f51ae32aabb98da9da3ff7ac19abda647eb8bd7']","Fracciones; tolerancia por redondeo de numerador, denominador y margen."
2024Q3,9c040f8f523a5dd53197112ebd3709aa45c65b0dbc04aa47a26f788b3f315152,Ingresos − gastos = resultado operativo,0.0,1500000.0,passed,"['rec_a1c5e9e96a01db497f8c5a1d19719d79a9786d063dd9dd4fbd1a312a92892c92', 'rec_b15d988cd2399705daeaa7b939baa840b914eac03844d75721412b0412702f87', 'rec_5dc84860aac8adbb6b7f19194f806d3cab8dfd3bcff2b25188937ab56d92ae37']",En moneda original; cada cifra admite media unidad de su precisión publicada.
2024Q3,9c040f8f523a5dd53197112ebd3709aa45c65b0dbc04aa47a26f788b3f315152,Resultado antes de impuestos − impuesto = resultado neto,0.0,1500000.0,passed,"['rec_1ec5c68c4061b4c6fa6cc31b652c3a7ea9777e728569bfade086452dceccc528', 'rec_1bc900449b20f776184345a67b56b16797950573040c50c1a0485e8ccf854011', 'rec_26d966fdd42f1e97f36aa45a0df879e75990d71b8414c746d9d98f335d56501d']",En moneda original; los beneficios fiscales conservan su signo negativo.
2024Q3,9c040f8f523a5dd53197112ebd3709aa45c65b0dbc04aa47a26f788b3f315152,operating_margin = resultado / ingresos,-0.002818791946308713,0.005410479621331423,passed,"['rec_7f2619dbface4389b0b0b2edf4278242ee19c3a1cf1ebea7754c2ec5662d945d', 'rec_5dc84860aac8adbb6b7f19194f806d3cab8dfd3bcff2b25188937ab56d92ae37', 'rec_a1c5e9e96a01db497f8c5a1d19719d79a9786d063dd9dd4fbd1a312a92892c92']","Fracciones; tolerancia por redondeo de numerador, denominador y margen."
2024Q3,9c040f8f523a5dd53197112ebd3709aa45c65b0dbc04aa47a26f788b3f315152,ebitdar_margin = resultado / ingresos,0.004429530201342291,0.005448328455790083,passed,"['rec_90dd2e01709e6c6daba808e4503c2391a16b9a7b8d6c6d65d97d3a10e6049d9a', 'rec_5034b41464543f022b39738794d30299be764d575f41a3c5737db9bb59ef0fbd', 'rec_a1c5e9e96a01db497f8c5a1d19719d79a9786d063dd9dd4fbd1a312a92892c92']","Fracciones; tolerancia por redondeo de numerador, denominador y margen."
2024Q4,102cc1f3f510bc6920b89a00a3e7cf50bf2d7edd1ebd8925548743b8c80f2a56,Ingresos − gastos = resultado operativo,0.0,1500000.0,passed,"['rec_0fc7675651d127ff66c1bbc5acd90ceaeec7f8385a28b2c24a40dd22faff1763', 'rec_09c7860a12bc374e11cdb92f6a1cfa098db2eb052fbd86ca27b74a7275770497', 'rec_e45ad0baaccf23a6151daa964ca9ed3a6924d603aa267ee902a657fbdbd9cae0']",En moneda original; cada cifra admite media unidad de su precisión publicada.
2024Q4,102cc1f3f510bc6920b89a00a3e7cf50bf2d7edd1ebd8925548743b8c80f2a56,Resultado antes de impuestos − impuesto = resultado neto,0.0,1500000.0,passed,"['rec_791635d3b4d786823adf6a00f5028ed42b168a0bc9e192e76873ec30222c9275', 'rec_9dac8fbf26f3b495dcfb8cd5359f8dec9bc2eb308933055313118848511ae886', 'rec_44d68c848b9d8bd0258a05c2e3319d94ae011c620fdf08935185a9f81fcd347b']",En moneda original; los beneficios fiscales conservan su signo negativo.
2024Q4,102cc1f3f510bc6920b89a00a3e7cf50bf2d7edd1ebd8925548743b8c80f2a56,operating_margin = resultado / ingresos,0.00090592334494774,0.005410977370740694,passed,"['rec_f087c1705d3d188317426fe81e3c0ffe0ea2b9246a6eba88da48bfd631d944e7', 'rec_e45ad0baaccf23a6151daa964ca9ed3a6924d603aa267ee902a657fbdbd9cae0', 'rec_0fc7675651d127ff66c1bbc5acd90ceaeec7f8385a28b2c24a40dd22faff1763']","Fracciones; tolerancia por redondeo de numerador, denominador y margen."
2024Q4,102cc1f3f510bc6920b89a00a3e7cf50bf2d7edd1ebd8925548743b8c80f2a56,ebitdar_margin = resultado / ingresos,-0.000801393728223021,0.005456884417472368,passed,"['rec_a047d8a620bc868fe24295de02bc0fd2038786979992ba5a49654ed8daa41fea', 'rec_4447085cd03fcb70c91004bdf609204b28ee7df846d3dea714ed11297153afe2', 'rec_0fc7675651d127ff66c1bbc5acd90ceaeec7f8385a28b2c24a40dd22faff1763']","Fracciones; tolerancia por redondeo de numerador, denominador y margen."
2025Q1,efaedda38e82a30cbf637534c292b898916378338d0583104085bc3b8dd39719,Ingresos − gastos = resultado operativo,0.0,1500000.0,passed,"['rec_23ce02db99d05acc201b9b7557156bdff0b5198ca5e03c88c208986a1a96c28f', 'rec_1874dcceee108ff5793793308e2aa26be930495744ca0f4b07ab065d3db11f32', 'rec_46e9819f3e1add78706e8fc8de827c32f05736455c330ab5ac732636d12fae8e']",En moneda original; cada cifra admite media unidad de su precisión publicada.
2025Q1,efaedda38e82a30cbf637534c292b898916378338d0583104085bc3b8dd39719,Resultado antes de impuestos − impuesto = resultado neto,-1000000.0,1500000.0,passed,"['rec_73244de18dda5c0c75c9d0cd0c241c8664ec3e773845038c18d04749222140e4', 'rec_8e6f18d5e06bea21d1b4e99d90e47f1d7f68702597468ea2d99d3048ea41ba52', 'rec_07c05c6de3039a501a614f5e762f6325baa2c10c62828a9ab3a4cd69d7bdc84d']",En moneda original; los beneficios fiscales conservan su signo negativo.
2025Q1,efaedda38e82a30cbf637534c292b898916378338d0583104085bc3b8dd39719,operating_margin = resultado / ingresos,6.756756756756688e-05,0.005473144246908506,passed,"['rec_bd95aa4e504dfe4bf5aa2e83d3cd07bc38847ac5f056a1caafc31cb88e02bdbe', 'rec_46e9819f3e1add78706e8fc8de827c32f05736455c330ab5ac732636d12fae8e', 'rec_23ce02db99d05acc201b9b7557156bdff0b5198ca5e03c88c208986a1a96c28f']","Fracciones; tolerancia por redondeo de numerador, denominador y margen."
2025Q1,efaedda38e82a30cbf637534c292b898916378338d0583104085bc3b8dd39719,ebitdar_margin = resultado / ingresos,-0.0002702702702702675,0.005536658331335138,passed,"['rec_1ce20c0ac1bf50fce4f7f234d785f4ceb5b8e2279715c7c37d9040b4b52597c7', 'rec_b201f1f47c5e9155efd1fbae40b049527c2a03a858d53ec9964828c7ba2b73b5', 'rec_23ce02db99d05acc201b9b7557156bdff0b5198ca5e03c88c208986a1a96c28f']","Fracciones; tolerancia por redondeo de numerador, denominador y margen."
2025Q2,37d95903d55d672101b82e2441f2bd1c111ec3b9e8f7b68200bcc14335c507c7,Ingresos − gastos = resultado operativo,0.0,1500000.0,passed,"['rec_f2632934ab615c51453286ec2881c937adaaa2d5a9d1528777d265e2168a0b5f', 'rec_482e679b702fb090d2e5b07669385a4ce1c8c1509b1031321ecf2021470575ac', 'rec_0a5d9a6c5584d8e8078e5314d832e246fc97f95ff02143804991339dabfdf88f']",En moneda original; cada cifra admite media unidad de su precisión publicada.
2025Q2,37d95903d55d672101b82e2441f2bd1c111ec3b9e8f7b68200bcc14335c507c7,Resultado antes de impuestos − impuesto = resultado neto,0.0,1500000.0,passed,"['rec_1f626d9acdbe10a181c29fc195cba6ec4aae0c3d77380401a89d5e45c2ea6f9b', 'rec_c54b50d42bc033c5d4f6c79539cdcdf497866d177208622610738771283403c8', 'rec_6f74272bdcb71d0da5d82f7098500e9140ba0fbce7bb9414c57abc3174a8090d']",En moneda original; los beneficios fiscales conservan su signo negativo.
2025Q2,37d95903d55d672101b82e2441f2bd1c111ec3b9e8f7b68200bcc14335c507c7,operating_margin = resultado / ingresos,0.0049619482496194856,0.005447292749048489,passed,"['rec_6057d5f02aa8407d01d4065ecd0d12112d12264f1ab0e58ecaa0a2bd6520cfac', 'rec_0a5d9a6c5584d8e8078e5314d832e246fc97f95ff02143804991339dabfdf88f', 'rec_f2632934ab615c51453286ec2881c937adaaa2d5a9d1528777d265e2168a0b5f']","Fracciones; tolerancia por redondeo de numerador, denominador y margen."
2025Q2,37d95903d55d672101b82e2441f2bd1c111ec3b9e8f7b68200bcc14335c507c7,ebitdar_margin = resultado / ingresos,-0.002024353120243516,0.005499438276787303,passed,"['rec_b364dd4738a1b80f280b857e1d44a2e31a58c90fd3da2d4e475df9541e8f3363', 'rec_bcd0ce0cf06321b70f4b45b520bfbd058c73b0018bff581fb58f4e0135d89553', 'rec_f2632934ab615c51453286ec2881c937adaaa2d5a9d1528777d265e2168a0b5f']","Fracciones; tolerancia por redondeo de numerador, denominador y margen."
