period_id,metric_key,status,reason,source_page,source_hash
2021Q1,depreciation_amortization,not_separately_reported,"El estado trimestral publica rentas, depreciación y amortización agrupadas; no se reparte el total.",10,9a46d6c158f953975c4feb4c25207f3639788d14fde46e93b63ae4c10a20e1cd
2021Q1,aircraft_leasing_expense,not_separately_reported,"El estado trimestral publica rentas, depreciación y amortización agrupadas; no se reparte el total.",10,9a46d6c158f953975c4feb4c25207f3639788d14fde46e93b63ae4c10a20e1cd
2021Q1,adjusted_ebitdar,different_definition_reported,Se conserva la variante reportada con su propia definición; no se etiqueta como la métrica objetivo.,3,9a46d6c158f953975c4feb4c25207f3639788d14fde46e93b63ae4c10a20e1cd
2021Q1,ebitdar_margin,different_definition_reported,Se conserva la variante reportada con su propia definición; no se etiqueta como la métrica objetivo.,3,9a46d6c158f953975c4feb4c25207f3639788d14fde46e93b63ae4c10a20e1cd
2021Q2,depreciation_amortization,not_separately_reported,"El estado trimestral publica rentas, depreciación y amortización agrupadas; no se reparte el total.",13,98a5e97a242ca40b2cd986d7f7119b368e7e2a779781012cbc9f82983915ed53
2021Q2,aircraft_leasing_expense,not_separately_reported,"El estado trimestral publica rentas, depreciación y amortización agrupadas; no se reparte el total.",13,98a5e97a242ca40b2cd986d7f7119b368e7e2a779781012cbc9f82983915ed53
2021Q2,adjusted_ebitdar,different_definition_reported,Se conserva la variante reportada con su propia definición; no se etiqueta como la métrica objetivo.,5,98a5e97a242ca40b2cd986d7f7119b368e7e2a779781012cbc9f82983915ed53
2021Q2,ebitdar_margin,different_definition_reported,Se conserva la variante reportada con su propia definición; no se etiqueta como la métrica objetivo.,5,98a5e97a242ca40b2cd986d7f7119b368e7e2a779781012cbc9f82983915ed53
2021Q3,depreciation_amortization,not_separately_reported,"El estado trimestral publica rentas, depreciación y amortización agrupadas; no se reparte el total.",13,ff9da52112360321c4ed0ea987a20ca06d5a46f4070c8b6cb9c35e5a5c1dd1ae
2021Q3,aircraft_leasing_expense,not_separately_reported,"El estado trimestral publica rentas, depreciación y amortización agrupadas; no se reparte el total.",13,ff9da52112360321c4ed0ea987a20ca06d5a46f4070c8b6cb9c35e5a5c1dd1ae
2021Q3,adjusted_ebitdar,different_definition_reported,Se conserva la variante reportada con su propia definición; no se etiqueta como la métrica objetivo.,5,ff9da52112360321c4ed0ea987a20ca06d5a46f4070c8b6cb9c35e5a5c1dd1ae
2021Q3,ebitdar_margin,different_definition_reported,Se conserva la variante reportada con su propia definición; no se etiqueta como la métrica objetivo.,5,ff9da52112360321c4ed0ea987a20ca06d5a46f4070c8b6cb9c35e5a5c1dd1ae
2021Q4,depreciation_amortization,not_separately_reported,"El estado trimestral publica rentas, depreciación y amortización agrupadas; no se reparte el total.",14,fa897e5530c5bfd7863d54b2ddc30058dbc54ad7d6f56d775270ea469e4b2d7d
2021Q4,aircraft_leasing_expense,not_separately_reported,"El estado trimestral publica rentas, depreciación y amortización agrupadas; no se reparte el total.",14,fa897e5530c5bfd7863d54b2ddc30058dbc54ad7d6f56d775270ea469e4b2d7d
2021Q4,adjusted_ebitdar,different_definition_reported,Se conserva la variante reportada con su propia definición; no se etiqueta como la métrica objetivo.,6,fa897e5530c5bfd7863d54b2ddc30058dbc54ad7d6f56d775270ea469e4b2d7d
2021Q4,ebitdar_margin,different_definition_reported,Se conserva la variante reportada con su propia definición; no se etiqueta como la métrica objetivo.,6,fa897e5530c5bfd7863d54b2ddc30058dbc54ad7d6f56d775270ea469e4b2d7d
2021Q4,cask_ex_fuel,different_definition_reported,Se conserva la variante reportada con su propia definición; no se etiqueta como la métrica objetivo.,6,fa897e5530c5bfd7863d54b2ddc30058dbc54ad7d6f56d775270ea469e4b2d7d
2022Q1,depreciation_amortization,not_separately_reported,"El estado trimestral publica rentas, depreciación y amortización agrupadas; no se reparte el total.",12,9881205641368873edd131b04abfb0ffc20e86dda6edc56f5de75067776371b8
2022Q1,aircraft_leasing_expense,not_separately_reported,"El estado trimestral publica rentas, depreciación y amortización agrupadas; no se reparte el total.",12,9881205641368873edd131b04abfb0ffc20e86dda6edc56f5de75067776371b8
2022Q1,adjusted_ebitdar,different_definition_reported,Se conserva la variante reportada con su propia definición; no se etiqueta como la métrica objetivo.,5,9881205641368873edd131b04abfb0ffc20e86dda6edc56f5de75067776371b8
2022Q1,ebitdar_margin,different_definition_reported,Se conserva la variante reportada con su propia definición; no se etiqueta como la métrica objetivo.,5,9881205641368873edd131b04abfb0ffc20e86dda6edc56f5de75067776371b8
2022Q1,cask_ex_fuel,different_definition_reported,Se conserva la variante reportada con su propia definición; no se etiqueta como la métrica objetivo.,5,9881205641368873edd131b04abfb0ffc20e86dda6edc56f5de75067776371b8
2022Q2,depreciation_amortization,not_separately_reported,"El estado trimestral publica rentas, depreciación y amortización agrupadas; no se reparte el total.",12,267bbbe2b35f2ff00f1a090181bc18831dba5a13a593cb672f6750a632357f81
2022Q2,aircraft_leasing_expense,not_separately_reported,"El estado trimestral publica rentas, depreciación y amortización agrupadas; no se reparte el total.",12,267bbbe2b35f2ff00f1a090181bc18831dba5a13a593cb672f6750a632357f81
2022Q2,adjusted_ebitdar,different_definition_reported,Se conserva la variante reportada con su propia definición; no se etiqueta como la métrica objetivo.,4,267bbbe2b35f2ff00f1a090181bc18831dba5a13a593cb672f6750a632357f81
2022Q2,ebitdar_margin,different_definition_reported,Se conserva la variante reportada con su propia definición; no se etiqueta como la métrica objetivo.,4,267bbbe2b35f2ff00f1a090181bc18831dba5a13a593cb672f6750a632357f81
2022Q3,depreciation_amortization,not_separately_reported,"El estado trimestral publica rentas, depreciación y amortización agrupadas; no se reparte el total.",11,92c61593b7a6643b22ac250ee2c0420414b8621b6f0b4011e1e850ab168a9981
2022Q3,aircraft_leasing_expense,not_separately_reported,"El estado trimestral publica rentas, depreciación y amortización agrupadas; no se reparte el total.",11,92c61593b7a6643b22ac250ee2c0420414b8621b6f0b4011e1e850ab168a9981
2022Q3,adjusted_ebitdar,different_definition_reported,Se conserva la variante reportada con su propia definición; no se etiqueta como la métrica objetivo.,3,92c61593b7a6643b22ac250ee2c0420414b8621b6f0b4011e1e850ab168a9981
2022Q3,ebitdar_margin,different_definition_reported,Se conserva la variante reportada con su propia definición; no se etiqueta como la métrica objetivo.,3,92c61593b7a6643b22ac250ee2c0420414b8621b6f0b4011e1e850ab168a9981
2022Q4,operating_margin,different_definition_reported,Se conserva la variante reportada con su propia definición; no se etiqueta como la métrica objetivo.,3,26fa77b26dedbd1901875cac5329ec7a3d36b00c5b713f178a6f9c899414e42e
2023Q1,adjusted_ebitdar,different_definition_reported,Se conserva la variante reportada con su propia definición; no se etiqueta como la métrica objetivo.,2,8db7aa7449c266c4b8f9af3f4e0124b5479866cf0ca6f63074110ec8ba34188f
2023Q1,ebitdar_margin,different_definition_reported,Se conserva la variante reportada con su propia definición; no se etiqueta como la métrica objetivo.,2,8db7aa7449c266c4b8f9af3f4e0124b5479866cf0ca6f63074110ec8ba34188f
2023Q2,adjusted_ebitdar,different_definition_reported,Se conserva la variante reportada con su propia definición; no se etiqueta como la métrica objetivo.,2,e0ead03a17ccea869f9bdde655d217476fda2622e0c3b8f01e484522d83e0486
2023Q2,ebitdar_margin,different_definition_reported,Se conserva la variante reportada con su propia definición; no se etiqueta como la métrica objetivo.,2,e0ead03a17ccea869f9bdde655d217476fda2622e0c3b8f01e484522d83e0486
2023Q3,adjusted_ebitdar,different_definition_reported,Se conserva la variante reportada con su propia definición; no se etiqueta como la métrica objetivo.,2,be31f024dfd2606241f74d68db55b40b69c1e73b1c8353ff0cbc31860823e481
2023Q3,ebitdar_margin,different_definition_reported,Se conserva la variante reportada con su propia definición; no se etiqueta como la métrica objetivo.,2,be31f024dfd2606241f74d68db55b40b69c1e73b1c8353ff0cbc31860823e481
2023Q4,operating_margin,different_definition_reported,Se conserva la variante reportada con su propia definición; no se etiqueta como la métrica objetivo.,2,cc90aaffe33aaaceef63a38230665a55abcc123f9131f15d601a6c53ac59e960
