carrier_identity,airline_id,unique_carrier,unique_carrier_name,unique_carrier_entity,carrier,carrier_name,carrier_key
AIRLINE_ID_19534,19534,AM,Aeromexico,9148B,AM,Aeromexico,AEROMEXICO
AIRLINE_ID_19393,19393,WN,Southwest Airlines Co.,11033,WN,Southwest Airlines Co.,BTS_AIRLINE_ID_19393
AIRLINE_ID_19531,19531,AC,Air Canada,9900A,AC,Air Canada,BTS_AIRLINE_ID_19531
AIRLINE_ID_19532,19532,AF,Compagnie Natl Air France,9427B,AF,Compagnie Natl Air France,BTS_AIRLINE_ID_19532
AIRLINE_ID_19540,19540,BA,British Airways Plc,9493E,BA,British Airways Plc,BTS_AIRLINE_ID_19540
AIRLINE_ID_19543,19543,CA,Air China,9713A,CA,Air China,BTS_AIRLINE_ID_19543
AIRLINE_ID_19545,19545,CV,Cargolux Airlines International S.A,9454A,CV,Cargolux Airlines International S.A,BTS_AIRLINE_ID_19545
AIRLINE_ID_19547,19547,IB,Iberia Air Lines Of Spain,9482B,IB,Iberia Air Lines Of Spain,BTS_AIRLINE_ID_19547
AIRLINE_ID_19550,19550,KE,Korean Air Lines Co. Ltd.,9778A,KE,Korean Air Lines Co. Ltd.,BTS_AIRLINE_ID_19550
AIRLINE_ID_19552,19552,LA,LATAM Airlines Group SA dba Lan Airlines,9324B,LA,LATAM Airlines Group SA dba Lan Airlines,BTS_AIRLINE_ID_19552
AIRLINE_ID_19552,19552,LA,LATAM Airlines Group SA dba Lan Airlines,9324B,LA,Lan-Chile Airlines,BTS_AIRLINE_ID_19552
AIRLINE_ID_19554,19554,LH,Lufthansa German Airlines,9429D,LH,Lufthansa German Airlines,BTS_AIRLINE_ID_19554
AIRLINE_ID_19555,19555,LO,Polskie Linie Lotnicze,9467A,LO,Polskie Linie Lotnicze,BTS_AIRLINE_ID_19555
AIRLINE_ID_19682,19682,VS,Virgin Atlantic Airways,9493K,VS,Virgin Atlantic Airways,BTS_AIRLINE_ID_19682
AIRLINE_ID_19687,19687,QX,Horizon Air,11023,QX,Horizon Air,BTS_AIRLINE_ID_19687
AIRLINE_ID_19690,19690,HA,Hawaiian Airlines Inc.,15375,HA,Hawaiian Airlines Inc.,BTS_AIRLINE_ID_19690
AIRLINE_ID_19779,19779,CX,Cathay Pacific Airways Ltd.,9729A,CX,Cathay Pacific Airways Ltd.,BTS_AIRLINE_ID_19779
AIRLINE_ID_19805,19805,AA,American Airlines Inc.,10050,AA,American Airlines Inc.,BTS_AIRLINE_ID_19805
AIRLINE_ID_19821,19821,TK,Turk Hava Yollari A.O.,9679A,TK,Turk Hava Yollari A.O.,BTS_AIRLINE_ID_19821
AIRLINE_ID_19830,19830,KZ,Nippon Cargo Airlines,9736D,KZ,Nippon Cargo Airlines,BTS_AIRLINE_ID_19830
AIRLINE_ID_19917,19917,5X,United Parcel Service,16911,5X,United Parcel Service,BTS_AIRLINE_ID_19917
AIRLINE_ID_19917,19917,5X,United Parcel Service,16912,5X,United Parcel Service,BTS_AIRLINE_ID_19917
AIRLINE_ID_19930,19930,AS,Alaska Airlines Inc.,16031,AS,Alaska Airlines Inc.,BTS_AIRLINE_ID_19930
AIRLINE_ID_19953,19953,QT,Transportes Aereos Mercantiles Panamericanos S.A,9327D,QT,Transportes Aereos Mercantiles Panamericanos S.A,BTS_AIRLINE_ID_19953
AIRLINE_ID_19961,19961,TS,Air Transat,9900C,TS,Air Transat,BTS_AIRLINE_ID_19961
AIRLINE_ID_19977,19977,UA,United Air Lines Inc.,10876,UA,United Air Lines Inc.,BTS_AIRLINE_ID_19977
AIRLINE_ID_20007,20007,5Y,Atlas Air Inc.,06087,5Y,Atlas Air Inc.,BTS_AIRLINE_ID_20007
AIRLINE_ID_20007,20007,5Y,Atlas Air Inc.,16087,5Y,Atlas Air Inc.,BTS_AIRLINE_ID_20007
AIRLINE_ID_20100,20100,PO,Polar Air Cargo Airways,16757,PO,Polar Air Cargo Airways,BTS_AIRLINE_ID_20100
AIRLINE_ID_20100,20100,PO,Polar Air Cargo Airways,16758,PO,Polar Air Cargo Airways,BTS_AIRLINE_ID_20100
AIRLINE_ID_20107,20107,FX,Federal Express Corporation,16195,FX,Federal Express Corporation,BTS_AIRLINE_ID_20107
AIRLINE_ID_20108,20108,NC,Northern Air Cargo Inc.,06721,NC,Northern Air Cargo Inc.,BTS_AIRLINE_ID_20108
AIRLINE_ID_20110,20110,ADB,Antonov Company,9488B,ADB,Antonov Company,BTS_AIRLINE_ID_20110
AIRLINE_ID_20119,20119,UX,Air Europa,9482A,UX,Air Europa,BTS_AIRLINE_ID_20119
AIRLINE_ID_20120,20120,DE,Condor Flugdienst,9429A,DE,Condor Flugdienst,BTS_AIRLINE_ID_20120
AIRLINE_ID_20133,20133,CZ,China Southern Airlines,9713C,CZ,China Southern Airlines,BTS_AIRLINE_ID_20133
AIRLINE_ID_20140,20140,CC,Air Atlanta Icelandic,9439B,CC,Air Atlanta Icelandic,BTS_AIRLINE_ID_20140
AIRLINE_ID_20148,20148,MP,Martinair Holland N.V.,9461B,MP,Martinair Holland N.V.,BTS_AIRLINE_ID_20148
AIRLINE_ID_20149,20149,PRQ,Florida West Airlines Inc.,16198,PRQ,Florida West Airlines Inc.,BTS_AIRLINE_ID_20149
AIRLINE_ID_20151,20151,M6,Amerijet International,16052,M6,Amerijet International,BTS_AIRLINE_ID_20151
AIRLINE_ID_20156,20156,M3,ABSA-Aerolinhas Brasileiras,9316E,M3,ABSA-Aerolinhas Brasileiras,BTS_AIRLINE_ID_20156
AIRLINE_ID_20166,20166,GFQ,Gulf And Caribbean Cargo,16565,GFQ,Gulf And Caribbean Cargo,BTS_AIRLINE_ID_20166
AIRLINE_ID_20167,20167,JJ,TAM Linhas Aereas SA dba Latam Airlines Brasil,9316F,JJ,Transportes Aeros Meridiona,BTS_AIRLINE_ID_20167
AIRLINE_ID_20169,20169,L2,Lynden Air Cargo Airlines,06699,L2,Lynden Air Cargo Airlines,BTS_AIRLINE_ID_20169
AIRLINE_ID_20169,20169,L2,Lynden Air Cargo Airlines,11040,L2,Lynden Air Cargo Airlines,BTS_AIRLINE_ID_20169
AIRLINE_ID_20188,20188,LP,Lan Peru Airlines,9368E,LP,Lan Peru Airlines,BTS_AIRLINE_ID_20188
AIRLINE_ID_20195,20195,WI,Sky Lease Cargo,16884,WI,Sky Lease Cargo,BTS_AIRLINE_ID_20195
AIRLINE_ID_20201,20201,AMQ,Ameristar Air Cargo,16057,AMQ,Ameristar Air Cargo,BTS_AIRLINE_ID_20201
AIRLINE_ID_20203,20203,FCQ,Falcon Air Express,16400,FCQ,Falcon Air Express,BTS_AIRLINE_ID_20203
AIRLINE_ID_20207,20207,XP,TEM Enterprises dba  Avelo Airlines,06144,XP,TEM Enterprises dba  Avelo Airlines,BTS_AIRLINE_ID_20207
AIRLINE_ID_20207,20207,XP,TEM Enterprises dba  Avelo Airlines,06144,XP,XTRA Airways,BTS_AIRLINE_ID_20207
AIRLINE_ID_20207,20207,XP,TEM Enterprises dba  Avelo Airlines,11034,XP,XTRA Airways,BTS_AIRLINE_ID_20207
AIRLINE_ID_20207,20207,XP,TEM Enterprises dba  Avelo Airlines,16144,XP,TEM Enterprises dba  Avelo Airlines,BTS_AIRLINE_ID_20207
AIRLINE_ID_20222,20222,E7,Estafeta Carga Aereas,9148U,E7,Estafeta Carga Aereas,BTS_AIRLINE_ID_20222
AIRLINE_ID_20229,20229,WS,Westjet,9900Y,WS,Westjet,BTS_AIRLINE_ID_20229
AIRLINE_ID_20250,20250,5D,Aerolitoral,9148W,5D,Aerolitoral,BTS_AIRLINE_ID_20250
AIRLINE_ID_20304,20304,OO,SkyWest Airlines Inc.,11025,OO,SkyWest Airlines Inc.,BTS_AIRLINE_ID_20304
AIRLINE_ID_20308,20308,WE,Centurion Cargo Inc.,16180,WE,Centurion Cargo Inc.,BTS_AIRLINE_ID_20308
AIRLINE_ID_20310,20310,WL,"Caribbean Sun Airlines, Inc. d/b/a World Atlantic Airlines",16076,K8,"Caribbean Sun Airlines, Inc. d/b/a World Atlantic Airlines",BTS_AIRLINE_ID_20310
AIRLINE_ID_20310,20310,WL,"Caribbean Sun Airlines, Inc. d/b/a World Atlantic Airlines",16076,WL,"Caribbean Sun Airlines, Inc. d/b/a World Atlantic Airlines",BTS_AIRLINE_ID_20310
AIRLINE_ID_20313,20313,W8,Cargojet Airways Ltd.,9900W,W8,Cargojet Airways Ltd.,BTS_AIRLINE_ID_20313
AIRLINE_ID_20327,20327,7H,NEW PACIFIC AIRLINES,11063,7H,NEW PACIFIC AIRLINES,BTS_AIRLINE_ID_20327
AIRLINE_ID_20340,20340,K5,"Seaport Airlines, Inc.",06966,K5,"SeaPort Airlines, Inc. d/b/a Wings of Alaska",BTS_AIRLINE_ID_20340
AIRLINE_ID_20340,20340,K5,"Seaport Airlines, Inc.",06966,K5,"Seaport Airlines, Inc.",BTS_AIRLINE_ID_20340
AIRLINE_ID_20348,20348,XL,Lan Ecuador,9337E,XL,Lan Ecuador,BTS_AIRLINE_ID_20348
AIRLINE_ID_20355,20355,US,US Airways Inc.,12041,US,US Airways Inc.,BTS_AIRLINE_ID_20355
AIRLINE_ID_20366,20366,EV,ExpressJet Airlines LLC d/b/a aha!,16085,EV,ExpressJet Airlines Inc.,BTS_AIRLINE_ID_20366
AIRLINE_ID_20366,20366,EV,ExpressJet Airlines LLC d/b/a aha!,16085,EV,ExpressJet Airlines LLC,BTS_AIRLINE_ID_20366
AIRLINE_ID_20368,20368,G4,Allegiant Air,06035,G4,Allegiant Air,BTS_AIRLINE_ID_20368
AIRLINE_ID_20368,20368,G4,Allegiant Air,11024,G4,Allegiant Air,BTS_AIRLINE_ID_20368
AIRLINE_ID_20370,20370,KAQ,Kalitta Air LLC,06683,KAQ,Kalitta Air LLC,BTS_AIRLINE_ID_20370
AIRLINE_ID_20370,20370,KAQ,Kalitta Air LLC,16683,KAQ,Kalitta Air LLC,BTS_AIRLINE_ID_20370
AIRLINE_ID_20372,20372,KLQ,Kalitta Charters II,06774,KLQ,Kalitta Charters II,BTS_AIRLINE_ID_20372
AIRLINE_ID_20372,20372,KLQ,Kalitta Charters II,16770,KLQ,Kalitta Charters II,BTS_AIRLINE_ID_20372
AIRLINE_ID_20377,20377,X9,Omni Air International LLC,06738,X9,Omni Air International LLC,BTS_AIRLINE_ID_20377
AIRLINE_ID_20377,20377,X9,Omni Air International LLC,16736,X9,Omni Air International LLC,BTS_AIRLINE_ID_20377
AIRLINE_ID_20378,20378,YV,Mesa Airlines Inc.,11022,YV,Mesa Airlines Inc.,BTS_AIRLINE_ID_20378
AIRLINE_ID_20392,20392,EK,Emirates,9678A,EK,Emirates,BTS_AIRLINE_ID_20392
AIRLINE_ID_20398,20398,MQ,Envoy Air,16820,MQ,Envoy Air,BTS_AIRLINE_ID_20398
AIRLINE_ID_20402,20402,GL,Miami Air International,16690,GL,Miami Air International,BTS_AIRLINE_ID_20402
AIRLINE_ID_20405,20405,N8,National Air Cargo Group Inc d/ba National Airlines,07029,N8,National Air Cargo Group Inc d/ba National Airlines,BTS_AIRLINE_ID_20405
AIRLINE_ID_20405,20405,N8,National Air Cargo Group Inc d/ba National Airlines,11049,N8,National Air Cargo Group Inc d/ba National Airlines,BTS_AIRLINE_ID_20405
AIRLINE_ID_20408,20408,5V,Tatonduk Outfitters Limited d/b/a Everts Air Alaska and Everts Air Cargo,06860,5V,Tatonduk Outfitters Limited d/b/a Everts Air Alaska and Everts Air Cargo,BTS_AIRLINE_ID_20408
AIRLINE_ID_20408,20408,5V,Tatonduk Outfitters Limited d/b/a Everts Air Alaska and Everts Air Cargo,11062,5V,Tatonduk Outfitters Limited d/b/a Everts Air Alaska and Everts Air Cargo,BTS_AIRLINE_ID_20408
AIRLINE_ID_20409,20409,B6,JetBlue Airways,16673,B6,JetBlue Airways,BTS_AIRLINE_ID_20409
AIRLINE_ID_20416,20416,NK,Spirit Air Lines,16831,NK,Spirit Air Lines,BTS_AIRLINE_ID_20416
AIRLINE_ID_20422,20422,SY,Sun Country Airlines d/b/a MN Airlines,06795,SY,Sun Country Airlines d/b/a MN Airlines,BTS_AIRLINE_ID_20422
AIRLINE_ID_20422,20422,SY,Sun Country Airlines d/b/a MN Airlines,16795,SY,Sun Country Airlines d/b/a MN Airlines,BTS_AIRLINE_ID_20422
AIRLINE_ID_20428,20428,VIQ,Volga-Dnepr Airlines,9475B,VIQ,Volga-Dnepr Airlines,BTS_AIRLINE_ID_20428
AIRLINE_ID_20436,20436,F9,Frontier Airlines Inc.,16461,F9,Frontier Airlines Inc.,BTS_AIRLINE_ID_20436
AIRLINE_ID_20445,20445,C5,CommuteAir LLC dba CommuteAir,06944,C5,CommuteAir LLC dba CommuteAir,BTS_AIRLINE_ID_20445
AIRLINE_ID_20445,20445,C5,CommuteAir LLC dba CommuteAir,11059,C5,"Commutair Aka Champlain Enterprises, Inc.",BTS_AIRLINE_ID_20445
AIRLINE_ID_20445,20445,C5,CommuteAir LLC dba CommuteAir,11059,C5,CommuteAir LLC dba CommuteAir,BTS_AIRLINE_ID_20445
AIRLINE_ID_20446,20446,M7,Aerotransportes Mas De Crga,9148I,M7,Aerotransportes Mas De Crga,BTS_AIRLINE_ID_20446
AIRLINE_ID_20447,20447,U7,USA Jet Airlines Inc.,06912,U7,USA Jet Airlines Inc.,BTS_AIRLINE_ID_20447
AIRLINE_ID_20447,20447,U7,USA Jet Airlines Inc.,16917,U7,USA Jet Airlines Inc.,BTS_AIRLINE_ID_20447
AIRLINE_ID_20452,20452,YX,Republic Airline,11029,YX,Republic Airline,BTS_AIRLINE_ID_20452
AIRLINE_ID_20452,20452,YX,Republic Airline,11029,YX,Republic Airlines,BTS_AIRLINE_ID_20452
AIRLINE_ID_20453,20453,ABX,ABX Air Inc,11009,ABX,ABX Air Inc,BTS_AIRLINE_ID_20453
AIRLINE_ID_20453,20453,ABX,ABX Air Inc,11018,ABX,ABX Air Inc,BTS_AIRLINE_ID_20453
AIRLINE_ID_20453,20453,ABX,ABX Air Inc,80006,ABX,ABX Air Inc,BTS_AIRLINE_ID_20453
AIRLINE_ID_21035,21035,TIQ,Tyrolean Jet Service,71002,TIQ,Tyrolean Jet Service,BTS_AIRLINE_ID_21035
AIRLINE_ID_21040,21040,02Q,Titan Airways,71004,02Q,Titan Airways,BTS_AIRLINE_ID_21040
AIRLINE_ID_21061,21061,6R,Aerounion Aerotransporte de Carga Union SA de CV,71006,6R,Aerounion Aerotransporte de Carga Union SA de CV,BTS_AIRLINE_ID_21061
AIRLINE_ID_21080,21080,TJ,Tradewind Aviation,01126,04Q,Tradewind Aviation,BTS_AIRLINE_ID_21080
AIRLINE_ID_21136,21136,07Q,Flair Airlines Ltd.,71022,07Q,Flair Airlines Ltd.,BTS_AIRLINE_ID_21136
AIRLINE_ID_21147,21147,0Q,Flying Service N.V.,71025,0Q,Flying Service N.V.,BTS_AIRLINE_ID_21147
AIRLINE_ID_21160,21160,SVW,"Global Jet Luxembourg, Sa",71031,SVW,"Global Jet Luxembourg, Sa",BTS_AIRLINE_ID_21160
AIRLINE_ID_21161,21161,09Q,"Swift Air, LLC d/b/a Eastern Air Lines d/b/a Eastern",01130,09Q,"Swift Air, LLC",BTS_AIRLINE_ID_21161
AIRLINE_ID_21161,21161,09Q,"Swift Air, LLC d/b/a Eastern Air Lines d/b/a Eastern",01130,09Q,"Swift Air, LLC d/b/a Eastern Air Lines d/b/a Eastern",BTS_AIRLINE_ID_21161
AIRLINE_ID_21161,21161,09Q,"Swift Air, LLC d/b/a Eastern Air Lines d/b/a Eastern",11054,09Q,"Swift Air, LLC d/b/a Eastern Air Lines d/b/a Eastern",BTS_AIRLINE_ID_21161
AIRLINE_ID_21167,21167,CP (2),Compass Airlines,11015,CP,Compass Airlines,BTS_AIRLINE_ID_21167
AIRLINE_ID_21171,21171,VX,Virgin America,11020,VX,Virgin America,BTS_AIRLINE_ID_21171
AIRLINE_ID_21186,21186,0BQ,DCA,71033,0BQ,DCA,BTS_AIRLINE_ID_21186
AIRLINE_ID_21196,21196,0CQ,ACM AIR CHARTER GmbH,71035,0CQ,ACM AIR CHARTER GmbH,BTS_AIRLINE_ID_21196
AIRLINE_ID_21202,21202,CAZ,CAT Aviation,71037,CAZ,CAT Aviation,BTS_AIRLINE_ID_21202
AIRLINE_ID_21231,21231,WG,Sunwing Airlines Inc.,71041,WG,Sunwing Airlines Inc.,BTS_AIRLINE_ID_21231
AIRLINE_ID_21308,21308,0QQ,TAG Aviation (UK) Ltd.,71062,0QQ,TAG Aviation (UK) Ltd.,BTS_AIRLINE_ID_21308
AIRLINE_ID_21309,21309,0RQ,TAG Aviation Espana S.L.,71063,0RQ,TAG Aviation Espana S.L.,BTS_AIRLINE_ID_21309
AIRLINE_ID_21331,21331,0UQ,"Comlux Malta, Ltd.",71069,0UQ,"Comlux Malta, Ltd.",BTS_AIRLINE_ID_21331
AIRLINE_ID_21352,21352,0WQ,Avjet Corporation,01150,0WQ,Avjet Corporation,BTS_AIRLINE_ID_21352
AIRLINE_ID_21376,21376,L7,Lan Colombia,71078,L7,Lan Colombia,BTS_AIRLINE_ID_21376
AIRLINE_ID_21406,21406,CRV,Acropolis Aviation Ltd.,71083,CRV,Acropolis Aviation Ltd.,BTS_AIRLINE_ID_21406
AIRLINE_ID_21407,21407,10Q,Swiss Air Ambulance,71084,10Q,Swiss Air Ambulance,BTS_AIRLINE_ID_21407
AIRLINE_ID_21411,21411,7I,Insel Air International B V,71085,7I,Insel Air International B V,BTS_AIRLINE_ID_21411
AIRLINE_ID_21421,21421,PP,Jet Aviation Business Jets AG,71087,PP,Jet Aviation Business Jets AG,BTS_AIRLINE_ID_21421
AIRLINE_ID_21427,21427,3S,AeroLogic GmbH,71090,3S,AeroLogic GmbH,BTS_AIRLINE_ID_21427
AIRLINE_ID_21437,21437,13Q,Chartright Air Inc.,71093,13Q,Chartright Air Inc.,BTS_AIRLINE_ID_21437
AIRLINE_ID_21439,21439,14Q,London Air Services Limited,71095,14Q,London Air Services Limited,BTS_AIRLINE_ID_21439
AIRLINE_ID_21440,21440,15Q,Air Alsie A/S,71096,15Q,Air Alsie A/S,BTS_AIRLINE_ID_21440
AIRLINE_ID_21487,21487,RU,AirBridgeCargo Airlines Limited,71102,RU,AirBridgeCargo Airlines Limited,BTS_AIRLINE_ID_21487
AIRLINE_ID_21492,21492,1BQ,"Eastern Airlines f/k/a Dynamic Airways, LLC",01159,1BQ,"Dynamic Airways, LLC",BTS_AIRLINE_ID_21492
AIRLINE_ID_21492,21492,1BQ,"Eastern Airlines f/k/a Dynamic Airways, LLC",11019,1BQ,"Dynamic Airways, LLC",BTS_AIRLINE_ID_21492
AIRLINE_ID_21492,21492,1BQ,"Eastern Airlines f/k/a Dynamic Airways, LLC",11019,1BQ,"Eastern Airlines f/k/a Dynamic Airways, LLC",BTS_AIRLINE_ID_21492
AIRLINE_ID_21518,21518,1EQ,"KaiserAir, Inc.",01162,1EQ,"KaiserAir, Inc.",BTS_AIRLINE_ID_21518
AIRLINE_ID_21528,21528,VW,Transportes Aeromar S.A de C.V,71106,VW,Transportes Aeromar S.A de C.V,BTS_AIRLINE_ID_21528
AIRLINE_ID_21548,21548,1HQ,International Jet Management GmbH,71109,1HQ,International Jet Management GmbH,BTS_AIRLINE_ID_21548
AIRLINE_ID_21568,21568,VJT,VistaJet Limited,71123,VJT,VistaJet Limited,BTS_AIRLINE_ID_21568
AIRLINE_ID_21569,21569,LDM,Laudamotion GmbH,71124,LDM,Laudamotion GmbH,BTS_AIRLINE_ID_21569
AIRLINE_ID_21578,21578,4O,ABC Aerolineas SA de CV dba Interjet,71118,4O,ABC Aerolineas SA de CV dba Interjet,BTS_AIRLINE_ID_21578
AIRLINE_ID_21579,21579,DY,Norwegian Air Shuttle ASA,71127,DY,Norwegian Air Shuttle ASA,BTS_AIRLINE_ID_21579
AIRLINE_ID_21580,21580,C8,Cargolux Italia SpA,71128,C8,Cargolux Italia SpA,BTS_AIRLINE_ID_21580
AIRLINE_ID_21594,21594,I4,Scott Air LLC dba Island Air Express,01175,I4,Scott Air LLC dba Island Air Express,BTS_AIRLINE_ID_21594
AIRLINE_ID_21605,21605,G3,VRG Linhas Aereas S A,71136,G3,VRG Linhas Aereas S A,BTS_AIRLINE_ID_21605
AIRLINE_ID_21610,21610,RV,Air Canada rouge LP,71139,RV,Air Canada rouge LP,BTS_AIRLINE_ID_21610
AIRLINE_ID_21629,21629,KD,Western Global,11042,KD,Western Global,BTS_AIRLINE_ID_21629
AIRLINE_ID_21630,21630,1ZQ,Comlux Aruba NV,71144,1ZQ,Comlux Aruba NV,BTS_AIRLINE_ID_21630
AIRLINE_ID_21631,21631,20Q,Orange Air,01184,20Q,Orange Air,BTS_AIRLINE_ID_21631
AIRLINE_ID_21635,21635,LF,CFM Inc d/b/a Contour Airlines d/b/a One Jet Shuttle,01189,LF,CFM Inc d/b/a Contour Airlines,BTS_AIRLINE_ID_21635
AIRLINE_ID_21635,21635,LF,CFM Inc d/b/a Contour Airlines d/b/a One Jet Shuttle,01189,LF,CFM Inc d/b/a Contour Airlines d/b/a One Jet Shuttle,BTS_AIRLINE_ID_21635
AIRLINE_ID_21638,21638,AD,Azul Linhas Aereas Brazileiras S A,71145,AD,Azul Linhas Aereas Brazileiras S A,BTS_AIRLINE_ID_21638
AIRLINE_ID_21645,21645,23Q,Songbird Airways Inc.,01192,23Q,Sky King Inc.,BTS_AIRLINE_ID_21645
AIRLINE_ID_21645,21645,23Q,Songbird Airways Inc.,01192,23Q,Songbird Airways Inc.,BTS_AIRLINE_ID_21645
AIRLINE_ID_21645,21645,23Q,Songbird Airways Inc.,11044,23Q,Songbird Airways Inc.,BTS_AIRLINE_ID_21645
AIRLINE_ID_21646,21646,24Q,Jet Story,71146,24Q,Jet Story,BTS_AIRLINE_ID_21646
AIRLINE_ID_21650,21650,EE,Eastern Airlines Group Inc.,01193,EE,Eastern Airlines Group Inc.,BTS_AIRLINE_ID_21650
AIRLINE_ID_21650,21650,EE,Eastern Airlines Group Inc.,11045,EE,Eastern Airlines Group Inc.,BTS_AIRLINE_ID_21650
AIRLINE_ID_21651,21651,26Q,Albinati aviation Limited,71149,26Q,Albinati aviation Limited,BTS_AIRLINE_ID_21651
AIRLINE_ID_21652,21652,27Q,"Jet Aviation Flight Services, Inc.",01194,27Q,"Jet Aviation Flight Services, Inc.",BTS_AIRLINE_ID_21652
AIRLINE_ID_21652,21652,27Q,"Jet Aviation Flight Services, Inc.",11046,27Q,"Jet Aviation Flight Services, Inc.",BTS_AIRLINE_ID_21652
AIRLINE_ID_21656,21656,2AQ,ABS JETS A.S,71150,2AQ,ABS JETS A.S,BTS_AIRLINE_ID_21656
AIRLINE_ID_21693,21693,2GQ,Cavok Air LLC,71165,2GQ,Cavok Air LLC,BTS_AIRLINE_ID_21693
AIRLINE_ID_21694,21694,7L,Silk Way West Airlines,71166,7L,Silk Way West Airlines,BTS_AIRLINE_ID_21694
AIRLINE_ID_21718,21718,XE,Delux Public Charters d/b/a JSX,01202,2JQ,Delux Public Charter LLC,BTS_AIRLINE_ID_21718
AIRLINE_ID_21718,21718,XE,Delux Public Charters d/b/a JSX,01202,XE,Delux Public Charters d/b/a JSX,BTS_AIRLINE_ID_21718
AIRLINE_ID_21735,21735,2KQ,Longtail Aviation Ltd.,71172,2KQ,Longtail Aviation Ltd.,BTS_AIRLINE_ID_21735
AIRLINE_ID_21743,21743,TI,Tropic Ocean Airways LLC,01203,2LQ,Tropic Ocean Airways LLC,BTS_AIRLINE_ID_21743
AIRLINE_ID_21760,21760,2RQ,Luxaviation S A,71176,2RQ,Luxaviation S A,BTS_AIRLINE_ID_21760
AIRLINE_ID_21780,21780,P3 (1),Cargologicair Limited,71181,P3,Cargologicair Limited,BTS_AIRLINE_ID_21780
AIRLINE_ID_21814,21814,2UQ,Svenskt Industriflyg AB,71184,2UQ,Svenskt Industriflyg AB,BTS_AIRLINE_ID_21814
AIRLINE_ID_21869,21869,36Q,Air Hamburg Luftverkehrsgesellschaft mbH,71190,36Q,Air Hamburg Luftverkehrsgesellschaft mbH,BTS_AIRLINE_ID_21869
AIRLINE_ID_21875,21875,37Q,"Eastern Air Express, LLC (EAX)",11053,37Q,"Eastern Air Express, LLC (EAX)",BTS_AIRLINE_ID_21875
AIRLINE_ID_21875,21875,37Q,"Eastern Air Express, LLC (EAX)",11053,37Q,"Hillwood Airways, LLC  f/k/a   ATX Air Services, LLC",BTS_AIRLINE_ID_21875
AIRLINE_ID_21894,21894,AN,"ADVANCED AIR, LLC",01229,AN,"ADVANCED AIR, LLC",BTS_AIRLINE_ID_21894
AIRLINE_ID_21919,21919,FYQ,Flying Group Lux S.A.,71193,FYQ,Flying Group Lux S.A.,BTS_AIRLINE_ID_21919
AIRLINE_ID_21954,21954,GCQ,Glock Aviation GmbH,71198,GCQ,Glock Aviation GmbH,BTS_AIRLINE_ID_21954
AIRLINE_ID_21974,21974,3EQ,"Scott Aviation, LLC  d/b/a  Silver Air",01234,3EQ,"Scott Aviation, LLC  d/b/a  Silver Air",BTS_AIRLINE_ID_21974
AIRLINE_ID_21974,21974,3EQ,"Scott Aviation, LLC  d/b/a  Silver Air",11055,3EQ,"Scott Aviation, LLC  d/b/a  Silver Air",BTS_AIRLINE_ID_21974
AIRLINE_ID_21979,21979,3FQ,"Western Air Charter, Inc.  d/b/a  Jet Edge",01235,3FQ,"Western Air Charter, Inc.  d/b/a  Jet Edge",BTS_AIRLINE_ID_21979
AIRLINE_ID_21979,21979,3FQ,"Western Air Charter, Inc.  d/b/a  Jet Edge",11057,3FQ,"Western Air Charter, Inc.  d/b/a  Jet Edge",BTS_AIRLINE_ID_21979
AIRLINE_ID_21995,21995,LXQ,Luxaviation Germany GmbH,71203,LXQ,Luxaviation Germany GmbH,BTS_AIRLINE_ID_21995
AIRLINE_ID_22010,22010,IFQ,FAI rent-a-jet AG,71208,IFQ,FAI rent-a-jet AG,BTS_AIRLINE_ID_22010
AIRLINE_ID_22016,22016,TEQ,TAG Aviation (Malta) Ltd.,71209,TEQ,TAG Aviation (Malta) Ltd.,BTS_AIRLINE_ID_22016
AIRLINE_ID_22020,22020,GEQ,"Gestair, S.A.",71210,GEQ,"Gestair, S.A.",BTS_AIRLINE_ID_22020
AIRLINE_ID_22025,22025,KFQ,Skyfirst Limited,71211,KFQ,Skyfirst Limited,BTS_AIRLINE_ID_22025
AIRLINE_ID_22035,22035,LDQ,Sparfell Luftfahrt GmbH,71213,LDQ,Sparfell Luftfahrt GmbH,BTS_AIRLINE_ID_22035
AIRLINE_ID_22048,22048,JCO,Concierge U Ltd. d/b/a Jet Concierge Club,71218,JCO,Concierge U Ltd. d/b/a Jet Concierge Club,BTS_AIRLINE_ID_22048
AIRLINE_ID_22052,22052,EAU,Elitavia Malta Limited,71219,EAU,Elitavia Malta Limited,BTS_AIRLINE_ID_22052
AIRLINE_ID_22061,22061,WGT,Volkswagen AirSevice GmbH dba Volkswagon,71222,WGT,Volkswagen AirSevice GmbH dba Volkswagon,BTS_AIRLINE_ID_22061
AIRLINE_ID_22062,22062,HYP,Hyperion Aviation Ltd. dba Hyperion,71223,HYP,Hyperion Aviation Ltd. dba Hyperion,BTS_AIRLINE_ID_22062
AIRLINE_ID_22074,22074,AOQ,Avcon Jet AG,71241,AOQ,Avcon Jet AG,BTS_AIRLINE_ID_22074
AIRLINE_ID_22077,22077,HAQ,Hamilton Jetport Limited,71243,HAQ,Hamilton Jetport Limited,BTS_AIRLINE_ID_22077
AIRLINE_ID_22080,22080,MX,Breeze Aviation Group DBA  Breeze,01268,MX,Breeze Aviation Group DBA  Breeze,BTS_AIRLINE_ID_22080
AIRLINE_ID_22080,22080,MX,Breeze Aviation Group DBA  Breeze,11066,MX,Breeze Aviation Group DBA  Breeze,BTS_AIRLINE_ID_22080
AIRLINE_ID_22081,22081,TQ,"Tailwind Air, LLC",01269,TQ,"Tailwind Air, LLC",BTS_AIRLINE_ID_22081
AIRLINE_ID_22085,22085,GCA,"Global Crossing Airlines, Inc.",01287,GCA,"Global Crossing Airlines, Inc.",BTS_AIRLINE_ID_22085
AIRLINE_ID_22085,22085,GCA,"Global Crossing Airlines, Inc.",19768,GCA,"Global Crossing Airlines, Inc.",BTS_AIRLINE_ID_22085
AIRLINE_ID_22090,22090,4Y,Eurowings Discover GmbH,71256,4Y,Eurowings Discover GmbH,BTS_AIRLINE_ID_22090
AIRLINE_ID_22097,22097,GJQ,GainJet Ireland Ltd,71263,GJQ,GainJet Ireland Ltd,BTS_AIRLINE_ID_22097
AIRLINE_ID_22099,22099,PTQ,Pontair Ltd.,71265,PTQ,Pontair Ltd.,BTS_AIRLINE_ID_22099
AIRLINE_ID_22115,22115,SWQ,Swiss Private Jet S.A.,71279,SWQ,Swiss Private Jet S.A.,BTS_AIRLINE_ID_22115
AIRLINE_ID_22120,22120,QFX,Sparfell Malta Ltd,71283,QFX,Sparfell Malta Ltd,BTS_AIRLINE_ID_22120
AIRLINE_ID_22121,22121,HUQ,Haute Aviation,71284,HUQ,Haute Aviation,BTS_AIRLINE_ID_22121
AIRLINE_ID_22122,22122,XQQ,AXIS Aviation Switzerland AG,71285,XQQ,AXIS Aviation Switzerland AG,BTS_AIRLINE_ID_22122
AIRLINE_ID_22125,22125,AQX,Axis Aviation GmbH,71289,AQX,Axis Aviation GmbH,BTS_AIRLINE_ID_22125
AIRLINE_ID_22129,22129,W2,FlexFlight AsP,71293,W2,FlexFlight AsP,BTS_AIRLINE_ID_22129
ENTITY_K8,,,,,K8,,BTS_ENTITY_K8
AIRLINE_ID_19790,19790,DL,Delta Air Lines Inc.,10260,DL,Delta Air Lines Inc.,DELTA
AIRLINE_ID_21342,21342,VB,"Aeroenlaces Nacionales, S.A. de C.V. d/b/a VivaAerobus",71070,VB,"Aeroenlaces Nacionales, S.A. de C.V. d/b/a VivaAerobus",VIVA_AEROBUS
AIRLINE_ID_21351,21351,Y4,Concesionaria Vuela Compania De Aviacion SA de CV (Volaris),71072,Y4,Concesionaria Vuela Compania De Aviacion SA de CV (Volaris),VOLARIS
